Date,Symbol,Series,Prev Close,Open,High,Low,Last,Close,VWAP,Volume,Turnover,Trades,Deliverable Volume,%Deliverble
22-01-2018,HDFC,EQ,1901.25,1901,1924.35,1863.95,1866.3,1872,1886.09,3649174,6.88265E+14,116325,2412594,0.6611
23-01-2018,HDFC,EQ,1872,1874,1896.9,1870.2,1886,1884.65,1884.34,2158639,4.06761E+14,114007,1493303,0.6918
24-01-2018,HDFC,EQ,1884.65,1886.6,1919.55,1880,1911.25,1911.2,1906.41,3401495,6.48464E+14,81310,2226796,0.6547
25-01-2018,HDFC,EQ,1911.2,1917,1922.5,1883.5,1903.35,1908.3,1903.04,4622281,8.79639E+14,95179,3171131,0.6861
29-01-2018,HDFC,EQ,1908.3,1915,1986.05,1909.9,1971.5,1967.6,1952.87,6305147,1.23132E+15,197733,3423734,0.543
30-01-2018,HDFC,EQ,1967.6,1971.5,1971.5,1927.9,1938,1937.5,1944.82,4066082,7.90779E+14,138016,2602799,0.6401
31-01-2018,HDFC,EQ,1937.5,1932.25,1963.05,1918,1955.85,1956.3,1941.93,3665385,7.11793E+14,154763,2434994,0.6643
01-02-2018,HDFC,EQ,1956.3,1963,1975.3,1931.8,1967,1967.55,1962.16,3838192,7.53115E+14,89711,2532286,0.6598
02-02-2018,HDFC,EQ,1967.55,1946,1946,1895,1900,1903.85,1911.07,3272591,6.25415E+14,138634,2226572,0.6804
05-02-2018,HDFC,EQ,1903.85,1866.1,1886,1811.8,1824.95,1823.35,1834.67,6082208,1.11588E+15,175730,4441369,0.7302
06-02-2018,HDFC,EQ,1823.35,1769,1808.8,1757.05,1796.95,1788.6,1780.84,3601190,6.41313E+14,134925,2137255,0.5935
07-02-2018,HDFC,EQ,1788.6,1795,1806.65,1767.05,1781.75,1785.35,1777.76,3549234,6.3097E+14,125909,2505837,0.706
08-02-2018,HDFC,EQ,1785.35,1788,1836.4,1787.5,1811,1811.8,1815.6,1865933,3.38778E+14,63410,1124668,0.6027
09-02-2018,HDFC,EQ,1811.8,1780.25,1783.45,1762,1776.65,1773.05,1772.51,2773971,4.9169E+14,115913,2083891,0.7512
12-02-2018,HDFC,EQ,1773.05,1777.1,1812.3,1760.7,1811,1805.45,1785.08,3194895,5.70316E+14,80358,2223396,0.6959
14-02-2018,HDFC,EQ,1805.45,1820,1833,1805,1807,1814,1819.21,3923887,7.13839E+14,181306,2984167,0.7605
15-02-2018,HDFC,EQ,1814,1828.9,1851,1819.15,1827.75,1829.5,1837.3,3382968,6.21551E+14,104147,2356040,0.6964
16-02-2018,HDFC,EQ,1829.5,1835.5,1836.95,1804.2,1818.1,1815.5,1817.91,2368880,4.30642E+14,108368,1628688,0.6875
19-02-2018,HDFC,EQ,1815.5,1827.75,1830.2,1801,1814.1,1814.05,1814.54,1603737,2.91004E+14,46217,1024516,0.6388
20-02-2018,HDFC,EQ,1814.05,1832.9,1840,1802.5,1814,1811.75,1821.46,2523482,4.59642E+14,74332,1624600,0.6438
21-02-2018,HDFC,EQ,1811.75,1825,1832.7,1816,1825,1824.8,1824.64,3795216,6.92489E+14,173405,2845173,0.7497
22-02-2018,HDFC,EQ,1824.8,1819.7,1825,1807.7,1824,1819.25,1818.98,6229874,1.1332E+15,128317,4675929,0.7506
23-02-2018,HDFC,EQ,1819.25,1826.85,1827.4,1815.5,1820.2,1824.2,1822.26,2023292,3.68697E+14,123769,1536787,0.7595
26-02-2018,HDFC,EQ,1824.2,1830,1852.75,1821.35,1842,1843.25,1839,2253522,4.14422E+14,90272,1577495,0.7
27-02-2018,HDFC,EQ,1843.25,1850,1851,1819.05,1824.9,1828.65,1830.6,2558313,4.68326E+14,100248,1696314,0.6631
28-02-2018,HDFC,EQ,1828.65,1830,1832,1803.6,1811,1808.7,1818.1,2802070,5.09444E+14,143361,1897543,0.6772
01-03-2018,HDFC,EQ,1808.7,1811,1818.5,1801,1816,1814.15,1813.85,3272003,5.93494E+14,137372,2579712,0.7884
05-03-2018,HDFC,EQ,1814.15,1814,1814,1780.3,1790,1789.6,1791.02,2163209,3.87434E+14,131858,1478427,0.6834
06-03-2018,HDFC,EQ,1789.6,1803.9,1819,1758.1,1769.95,1782.8,1805.46,2899309,5.23459E+14,110964,2015059,0.695
07-03-2018,HDFC,EQ,1782.8,1774.35,1782.2,1756.1,1765,1761.75,1770.42,1624922,2.8768E+14,83682,968915,0.5963
08-03-2018,HDFC,EQ,1761.75,1772.9,1803.55,1771.7,1795,1798.75,1789.27,3174098,5.67932E+14,105887,2155842,0.6792
09-03-2018,HDFC,EQ,1798.75,1801,1834.3,1801,1815,1818.6,1820.94,3000976,5.46461E+14,83063,2108986,0.7028
12-03-2018,HDFC,EQ,1818.6,1831.6,1865.35,1827.05,1857.75,1858.05,1848.13,3242604,5.99275E+14,81062,2233045,0.6887
13-03-2018,HDFC,EQ,1858.05,1850,1881.5,1850,1864.4,1868.5,1872.21,3264920,6.11263E+14,125570,2365937,0.7247
14-03-2018,HDFC,EQ,1868.5,1857.25,1863.8,1836.05,1847.9,1844.7,1844.61,1649636,3.04294E+14,95545,1113976,0.6753
15-03-2018,HDFC,EQ,1844.7,1846,1847.7,1827.4,1834.35,1830,1835.37,1548960,2.84292E+14,64387,1150529,0.7428
16-03-2018,HDFC,EQ,1830,1830,1832,1784.65,1800,1791.4,1798.72,8008654,1.44053E+15,181079,6868829,0.8577
19-03-2018,HDFC,EQ,1791.4,1799,1806.85,1768.45,1776.85,1774.5,1784.86,3986719,7.11572E+14,109159,3239395,0.8125
20-03-2018,HDFC,EQ,1774.5,1771,1808.5,1771,1800,1800.05,1792.48,3441458,6.16876E+14,129212,2556103,0.7427
21-03-2018,HDFC,EQ,1800.05,1820,1830.4,1803.6,1820,1817.85,1820.69,3574861,6.50871E+14,128401,2628909,0.7354
22-03-2018,HDFC,EQ,1817.85,1820,1838.5,1801.75,1811.95,1809.55,1818.65,2664935,4.84658E+14,121407,1384874,0.5197
23-03-2018,HDFC,EQ,1809.55,1787.7,1799.55,1776.1,1790,1789.6,1787.75,2788553,4.98524E+14,106234,2115593,0.7587
26-03-2018,HDFC,EQ,1789.6,1781,1835.35,1778.25,1825.6,1830.15,1812.01,1922453,3.4835E+14,79013,1211814,0.6303
27-03-2018,HDFC,EQ,1830.15,1837.9,1838,1813.9,1823.2,1823.15,1825.01,3597668,6.56576E+14,183773,2864102,0.7961
28-03-2018,HDFC,EQ,1823.15,1821,1830.95,1812.75,1821,1825.6,1823.39,4010323,7.31239E+14,129053,3067992,0.765
02-04-2018,HDFC,EQ,1825.6,1830.95,1854.15,1828.95,1837,1838.05,1837.11,2607397,4.79008E+14,132089,2107655,0.8083
03-04-2018,HDFC,EQ,1838.05,1836,1846.55,1815.6,1824.75,1825.7,1827.19,1950749,3.5644E+14,104223,1403865,0.7197
04-04-2018,HDFC,EQ,1825.7,1830.7,1831.8,1792,1800,1803.3,1807.48,2268911,4.10101E+14,116356,1702563,0.7504
05-04-2018,HDFC,EQ,1803.3,1821,1830,1812.2,1824.45,1824.45,1820.17,3549233,6.46022E+14,69131,3094413,0.8719
06-04-2018,HDFC,EQ,1824.45,1827,1837.8,1820.6,1828,1829,1830.21,3260963,5.96825E+14,115256,2819664,0.8647
09-04-2018,HDFC,EQ,1829,1834.85,1847,1825,1835.1,1836.7,1839.27,1480293,2.72265E+14,89404,1063895,0.7187
10-04-2018,HDFC,EQ,1836.7,1848,1851.65,1815.1,1818.25,1817.5,1825.12,1673162,3.05372E+14,73500,1262005,0.7543
11-04-2018,HDFC,EQ,1817.5,1823.5,1827.8,1802.6,1814,1812.4,1813.54,1917617,3.47767E+14,67885,1387305,0.7235
12-04-2018,HDFC,EQ,1812.4,1808.45,1830.55,1806,1828,1829.05,1822.63,1296216,2.36252E+14,70565,924895,0.7135
13-04-2018,HDFC,EQ,1829.05,1834,1842.85,1822.6,1840,1840.6,1835.33,1849910,3.39519E+14,92786,1331565,0.7198
16-04-2018,HDFC,EQ,1840.6,1833,1873,1832.2,1867.9,1870.45,1864.29,2555945,4.76502E+14,64925,2080425,0.814
17-04-2018,HDFC,EQ,1870.45,1875,1896.65,1862.2,1888.7,1889.7,1879.58,2842835,5.34335E+14,115963,2044988,0.7193
18-04-2018,HDFC,EQ,1889.7,1897.7,1898,1871.1,1880,1877.7,1886.3,1690874,3.1895E+14,77938,1237861,0.7321
19-04-2018,HDFC,EQ,1877.7,1883,1887.05,1851.65,1861,1858.65,1867.66,1655535,3.09197E+14,144651,1265293,0.7643
20-04-2018,HDFC,EQ,1858.65,1863,1873,1832.5,1836.5,1834.15,1839.83,2627245,4.83367E+14,95516,2017369,0.7679
23-04-2018,HDFC,EQ,1834.15,1849,1849,1828.6,1834.5,1830.85,1835.94,2514450,4.61638E+14,82407,2069494,0.823
24-04-2018,HDFC,EQ,1830.85,1836.9,1867.5,1834.5,1857.35,1859.55,1855.59,2381491,4.41907E+14,88798,1648757,0.6923
25-04-2018,HDFC,EQ,1859.55,1858,1858,1840,1848.55,1849.5,1847.36,1299220,2.40013E+14,86189,965031,0.7428
26-04-2018,HDFC,EQ,1849.5,1853,1857.35,1841.2,1850,1850.45,1850.57,3349024,6.1976E+14,67191,2554942,0.7629
27-04-2018,HDFC,EQ,1850.45,1848.1,1859.35,1840,1853.8,1853.75,1852.06,3005770,5.56687E+14,104101,2507837,0.8343
30-04-2018,HDFC,EQ,1853.75,1864,1891.55,1862.55,1880.4,1883.25,1880.38,3343611,6.28727E+14,100074,2147107,0.6422
02-05-2018,HDFC,EQ,1883.25,1897,1912.5,1871.35,1906.7,1910.6,1896.68,4812147,9.12711E+14,128221,3557446,0.7393
03-05-2018,HDFC,EQ,1910.6,1908,1931.65,1906.75,1919.05,1922.7,1921.83,4558083,8.75985E+14,178609,3625694,0.7954
04-05-2018,HDFC,EQ,1922.7,1929,1933.8,1904.2,1908.45,1910.35,1914.82,1990972,3.81235E+14,85973,1300629,0.6533
07-05-2018,HDFC,EQ,1910.35,1914,1922.1,1901.25,1917,1918.7,1912.92,2389766,4.57143E+14,79418,2000130,0.837
08-05-2018,HDFC,EQ,1918.7,1920.1,1920.1,1895.6,1896.25,1903.35,1905.65,2124127,4.04783E+14,98220,1688345,0.7948
09-05-2018,HDFC,EQ,1903.35,1893.15,1905.4,1882.3,1903.75,1897.65,1893.2,1669898,3.16146E+14,91645,1274503,0.7632
10-05-2018,HDFC,EQ,1897.65,1908,1909.95,1890.45,1896.8,1894.3,1896.16,1153192,2.18663E+14,68038,817584,0.709
11-05-2018,HDFC,EQ,1894.3,1901,1921.7,1901,1916,1919.8,1913.69,948291,1.81474E+14,34968,663001,0.6992
14-05-2018,HDFC,EQ,1919.8,1919.8,1936.9,1919.8,1929.6,1930.6,1927.77,1936219,3.73258E+14,61249,1525620,0.7879
15-05-2018,HDFC,EQ,1930.6,1936.5,1941.9,1923.8,1929.1,1929.55,1936.07,2873050,5.56243E+14,154171,2185962,0.7609
16-05-2018,HDFC,EQ,1929.55,1924.9,1929,1908.9,1914.45,1914.55,1921.18,1366048,2.62442E+14,75657,1008902,0.7386
17-05-2018,HDFC,EQ,1914.55,1919,1919,1867.95,1876,1875.1,1886.56,2751107,5.19014E+14,154539,2178310,0.7918
18-05-2018,HDFC,EQ,1875.1,1870,1882.1,1850.05,1858,1853,1858.85,2517918,4.68044E+14,92892,2111847,0.8387
21-05-2018,HDFC,EQ,1853,1860,1860,1816.5,1819.25,1819.2,1830.4,2816934,5.1561E+14,99404,2324641,0.8252
22-05-2018,HDFC,EQ,1819.2,1820.2,1829,1795.85,1810,1810,1808.53,3151951,5.7004E+14,138420,2620854,0.8315
23-05-2018,HDFC,EQ,1810,1807.4,1807.4,1780.05,1787.4,1783.65,1791.87,3059058,5.48143E+14,174262,2639825,0.863
24-05-2018,HDFC,EQ,1783.65,1797,1814.05,1788.1,1808.5,1806.1,1802.61,2185202,3.93907E+14,85510,1438732,0.6584
25-05-2018,HDFC,EQ,1806.1,1808.2,1828.65,1796.05,1817.95,1819.75,1812.9,2301042,4.17157E+14,140193,1673782,0.7274
28-05-2018,HDFC,EQ,1819.75,1825,1835,1820.55,1828.4,1829.55,1828.99,1616546,2.95665E+14,103129,1299836,0.8041
29-05-2018,HDFC,EQ,1829.55,1827.75,1828.75,1804.3,1809.5,1809.75,1817.47,1160204,2.10863E+14,86020,828343,0.714
30-05-2018,HDFC,EQ,1809.75,1804,1807,1780.4,1792.6,1790.8,1793.23,3140621,5.63186E+14,102747,2507846,0.7985
31-05-2018,HDFC,EQ,1790.8,1812,1838.5,1797.2,1829,1833,1818.76,5622276,1.02256E+15,138116,4229961,0.7524
01-06-2018,HDFC,EQ,1833,1833,1857,1823.95,1836.75,1844.25,1844.43,2653497,4.89419E+14,120558,1932650,0.7283
04-06-2018,HDFC,EQ,1844.25,1860.9,1870.45,1825.35,1826.2,1833.15,1845.64,2010526,3.7107E+14,102574,1280222,0.6368
05-06-2018,HDFC,EQ,1833.15,1832.1,1854.9,1820.65,1852.1,1848.4,1835.68,1539190,2.82546E+14,77289,1002007,0.651
06-06-2018,HDFC,EQ,1848.4,1848,1861.5,1838.15,1858,1858.45,1850.8,1222829,2.26321E+14,62047,809341,0.6619
07-06-2018,HDFC,EQ,1858.45,1862.5,1874,1858.55,1867.15,1869,1868.34,1453806,2.7162E+14,86863,1055966,0.7263
08-06-2018,HDFC,EQ,1869,1855.05,1863.3,1827,1837.75,1840.45,1841.82,1947101,3.58621E+14,82746,1226041,0.6297
11-06-2018,HDFC,EQ,1840.45,1839.1,1850,1831.35,1838.9,1839.45,1842.44,1561062,2.87617E+14,99371,1111342,0.7119
12-06-2018,HDFC,EQ,1839.45,1840.3,1854.8,1838.05,1849.85,1847.7,1847.89,1662303,3.07175E+14,124512,1289996,0.776
13-06-2018,HDFC,EQ,1847.7,1851,1856.25,1826.6,1835,1832.3,1836.34,1792766,3.29212E+14,134606,1245387,0.6947
14-06-2018,HDFC,EQ,1832.3,1837.5,1838.5,1827,1835.6,1833.75,1832.06,2035114,3.72845E+14,118449,1647817,0.8097
15-06-2018,HDFC,EQ,1833.75,1842,1865.45,1827.1,1834,1832.25,1834.12,3700695,6.78751E+14,154561,3047841,0.8236
18-06-2018,HDFC,EQ,1832.25,1831.5,1834.6,1820.2,1822,1823.55,1825.62,1965262,3.58782E+14,101543,1607875,0.8181
19-06-2018,HDFC,EQ,1823.55,1823.25,1837.9,1817,1832,1828,1827.21,2627053,4.80019E+14,103460,1947685,0.7414
20-06-2018,HDFC,EQ,1828,1832.1,1852.1,1830.2,1851.45,1847,1842.64,1680840,3.09718E+14,101950,1354440,0.8058
21-06-2018,HDFC,EQ,1847,1855,1876.6,1844.45,1857.9,1858.9,1858.55,3185688,5.92076E+14,167481,2447023,0.7681
22-06-2018,HDFC,EQ,1858.9,1859,1912.7,1853.8,1909,1906.75,1883.28,4070361,7.66562E+14,125702,3133012,0.7697
25-06-2018,HDFC,EQ,1906.75,1909,1911.5,1885,1895,1893.8,1894.14,3174077,6.01215E+14,118694,2307074,0.7268
26-06-2018,HDFC,EQ,1893.8,1892,1922.85,1889.4,1916,1915.85,1913.98,2819929,5.39728E+14,77032,2029586,0.7197
27-06-2018,HDFC,EQ,1915.85,1922,1936,1895.65,1902.5,1904.85,1917.81,3309395,6.34678E+14,146926,2149511,0.6495
28-06-2018,HDFC,EQ,1904.85,1904,1913,1865.5,1885,1878,1880.17,4899708,9.21227E+14,96434,3582524,0.7312
29-06-2018,HDFC,EQ,1878,1889,1913,1873,1908.1,1908.1,1895.06,4022628,7.62313E+14,147489,3118471,0.7752
02-07-2018,HDFC,EQ,1908.1,1912.9,1915.35,1879.3,1894,1897.1,1895.71,2283964,4.32974E+14,118064,1814407,0.7944
03-07-2018,HDFC,EQ,1897.1,1900,1900,1874.65,1882.05,1879.7,1881.84,1687705,3.17599E+14,113066,1262479,0.748
04-07-2018,HDFC,EQ,1879.7,1883,1926.7,1882.1,1922.85,1922.5,1909.61,2609336,4.98281E+14,120542,1922216,0.7367
05-07-2018,HDFC,EQ,1922.5,1923.7,1937.15,1908.25,1930.5,1931.05,1926.73,1945712,3.74887E+14,110090,1432918,0.7364
06-07-2018,HDFC,EQ,1931.05,1926.1,1938.4,1912.25,1916.9,1916.85,1925.99,2550768,4.91276E+14,137133,2027891,0.795
09-07-2018,HDFC,EQ,1916.85,1919,1922,1901,1905.4,1904.9,1908.8,2377612,4.53839E+14,149847,1940844,0.8163
10-07-2018,HDFC,EQ,1904.9,1912,1947.6,1904.55,1945,1942.55,1924.81,1847583,3.55624E+14,117936,1368926,0.7409
11-07-2018,HDFC,EQ,1942.55,1946,1961.8,1920.3,1925,1928.1,1944.19,2224803,4.32545E+14,107953,1326943,0.5964
12-07-2018,HDFC,EQ,1928.1,1938,1979.9,1935,1959.05,1962.7,1963.41,2796172,5.49002E+14,145242,1946095,0.696
13-07-2018,HDFC,EQ,1962.7,1968,1978.35,1943.45,1974.8,1972.5,1970.08,2465425,4.85708E+14,101413,1712600,0.6946
16-07-2018,HDFC,EQ,1972.5,1979.95,1997.5,1973,1991,1991.2,1988.45,3693133,7.34359E+14,133124,3053075,0.8267
17-07-2018,HDFC,EQ,1991.2,1991,1998,1968,1997.7,1989.3,1983.3,2171225,4.30619E+14,116484,1542781,0.7106
18-07-2018,HDFC,EQ,1989.3,2005,2025,1998.8,2009,2009.45,2010.89,2796940,5.62433E+14,138986,1752076,0.6264
19-07-2018,HDFC,EQ,2009.45,2003,2005.05,1977,1988.45,1988.4,1989.14,1385205,2.75537E+14,90527,848519,0.6126
20-07-2018,HDFC,EQ,1988.4,1980.5,1982,1957.1,1975,1973.85,1970.28,1467884,2.89215E+14,93796,1090277,0.7428
23-07-2018,HDFC,EQ,1973.85,1969,1988,1959.55,1965.85,1966.85,1971.96,1254416,2.47366E+14,82388,835502,0.666
24-07-2018,HDFC,EQ,1966.85,1967.1,1982.8,1962.15,1978,1975.55,1973.74,1628220,3.21368E+14,84576,1319812,0.8106
25-07-2018,HDFC,EQ,1975.55,1988.45,2011.85,1984.2,2000,2000.85,1998.75,2503749,5.00438E+14,73218,1696387,0.6775
26-07-2018,HDFC,EQ,2000.85,2004.3,2034.1,1991,2031,2023.4,2014.03,3909895,7.87466E+14,147816,2778462,0.7106
27-07-2018,HDFC,EQ,2023.4,2032,2049.95,2023.25,2045,2047.25,2036.67,1956967,3.98569E+14,83830,1431772,0.7316
30-07-2018,HDFC,EQ,2047.25,2047,2052.95,2013.8,2016,2028.75,2036.01,2176046,4.43045E+14,78769,966830,0.4443
31-07-2018,HDFC,EQ,2028.75,2018.6,2018.6,1971,1988.8,1994.85,1987.35,3581217,7.11714E+14,144898,2156746,0.6022
01-08-2018,HDFC,EQ,1994.85,1995,1995.2,1959.65,1962.5,1970.15,1980.41,3415429,6.76397E+14,133314,2817039,0.8248
02-08-2018,HDFC,EQ,1970.15,1962,1966.5,1927.35,1932,1931.95,1942,2595747,5.04094E+14,142909,1902978,0.7331
03-08-2018,HDFC,EQ,1931.95,1945,1980,1941,1980,1977.5,1968.28,2346246,4.61806E+14,118473,1620054,0.6905
06-08-2018,HDFC,EQ,1977.5,1999,1999,1965.05,1976,1979.3,1979.47,2219237,4.39292E+14,118161,1551217,0.699
07-08-2018,HDFC,EQ,1979.3,1982,1992.9,1968.55,1976.4,1978.6,1981.2,1680478,3.32936E+14,95314,1197633,0.7127
08-08-2018,HDFC,EQ,1978.6,1976,1989.75,1953.4,1983.65,1984.6,1975.61,1507070,2.97738E+14,114320,951192,0.6312
09-08-2018,HDFC,EQ,1984.6,1988,1988.7,1961.35,1971.75,1969.95,1972.77,1789926,3.53112E+14,129148,1148356,0.6416
10-08-2018,HDFC,EQ,1969.95,1969.95,1980,1951.3,1980,1974.3,1963.96,1737395,3.41217E+14,118477,1236011,0.7114
13-08-2018,HDFC,EQ,1974.3,1967,1967.35,1939.2,1947.7,1947,1945.97,1195249,2.32592E+14,82427,754363,0.6311
14-08-2018,HDFC,EQ,1947,1956,1970.65,1937.8,1940,1941.5,1953.53,1761582,3.44131E+14,101899,1224440,0.6951
16-08-2018,HDFC,EQ,1941.5,1936.5,1936.5,1888.55,1892.2,1891.2,1907.11,3850598,7.34351E+14,151587,2953162,0.7669
17-08-2018,HDFC,EQ,1891.2,1897,1903,1881,1882.3,1885.65,1892.02,2387431,4.51707E+14,143096,1733052,0.7259
20-08-2018,HDFC,EQ,1885.65,1894.75,1923.55,1891.3,1920.85,1920.05,1915.19,1815999,3.47799E+14,104697,1289200,0.7099
21-08-2018,HDFC,EQ,1920.05,1915.05,1931.8,1906.55,1915,1913.35,1916.42,1602054,3.0702E+14,75553,1086709,0.6783
23-08-2018,HDFC,EQ,1913.35,1954.95,1954.95,1900.5,1905,1906.3,1925.56,2900920,5.5859E+14,148961,2211588,0.7624
24-08-2018,HDFC,EQ,1906.3,1904,1921.65,1901,1917,1919.05,1914.46,1594287,3.0522E+14,67017,1070139,0.6712
27-08-2018,HDFC,EQ,1919.05,1926.9,1935,1916.7,1924.9,1924.85,1926.63,1366731,2.63319E+14,67373,1013092,0.7413
28-08-2018,HDFC,EQ,1924.85,1927.2,1958.95,1926,1956,1955.15,1946.42,2013110,3.91836E+14,102359,1532860,0.7614
29-08-2018,HDFC,EQ,1955.15,1959.4,1971.4,1944.7,1949,1956.25,1958.79,2367281,4.637E+14,106131,1744608,0.737
30-08-2018,HDFC,EQ,1956.25,1950,1964.45,1928.25,1933,1934.15,1938.39,2466442,4.78093E+14,89377,1871394,0.7587
31-08-2018,HDFC,EQ,1934.15,1940.9,1942.45,1908.05,1940.85,1935.95,1925.82,3856093,7.42615E+14,152636,2812171,0.7293
03-09-2018,HDFC,EQ,1935.95,1950,1950,1928.1,1943,1944.8,1939.87,2310201,4.48148E+14,106865,1847906,0.7999
04-09-2018,HDFC,EQ,1944.8,1939,1959.65,1939,1950.75,1954.8,1952.12,2928533,5.71683E+14,133601,2408987,0.8226
05-09-2018,HDFC,EQ,1954.8,1950,1965,1923.05,1931.6,1937.4,1939.78,3587932,6.9598E+14,129547,2781986,0.7754
06-09-2018,HDFC,EQ,1937.4,1949,1960.6,1928.45,1953.8,1956.15,1945.23,4311847,8.38752E+14,129013,3635886,0.8432
07-09-2018,HDFC,EQ,1956.15,1963.5,1963.5,1915.05,1922.9,1920,1932.77,2253314,4.35515E+14,101307,1213564,0.5386
10-09-2018,HDFC,EQ,1920,1915,1916,1878.25,1880.2,1883.55,1891.11,2191420,4.14423E+14,106851,1440182,0.6572
11-09-2018,HDFC,EQ,1883.55,1890,1892.55,1860.45,1872,1868.05,1867.02,4062178,7.58417E+14,131873,1682017,0.4141
12-09-2018,HDFC,EQ,1868.05,1878.9,1886.75,1856.55,1884.75,1877.8,1873.37,2641076,4.94771E+14,137553,1805086,0.6835
14-09-2018,HDFC,EQ,1877.8,1892,1928.95,1882.1,1920,1925.45,1909.27,3521562,6.72363E+14,144854,2417813,0.6866
17-09-2018,HDFC,EQ,1925.45,1910,1910,1871,1877.45,1878.85,1884.45,2164001,4.07795E+14,95396,1474430,0.6813
18-09-2018,HDFC,EQ,1878.85,1877.25,1888.75,1847.05,1850,1855.7,1870.41,2905388,5.43427E+14,88448,2186690,0.7526
19-09-2018,HDFC,EQ,1855.7,1860.4,1864,1824.15,1833.2,1830.65,1841.25,4046901,7.45137E+14,131149,2783767,0.6879
21-09-2018,HDFC,EQ,1830.65,1835.65,1875,1783,1839.4,1839.4,1836.62,6425727,1.18016E+15,216230,4686812,0.7294
24-09-2018,HDFC,EQ,1839.4,1839,1846.25,1702.8,1724,1718.7,1752.33,9026730,1.58178E+15,312842,6951300,0.7701
25-09-2018,HDFC,EQ,1718.7,1728.8,1784,1713.8,1773.35,1773.35,1746.38,7202463,1.25782E+15,274555,4963251,0.6891
26-09-2018,HDFC,EQ,1773.35,1783.6,1806.3,1756.1,1759,1767.45,1772.93,4044415,7.17047E+14,170572,3076352,0.7606
27-09-2018,HDFC,EQ,1767.45,1767.15,1768.75,1726.15,1730,1729,1734.79,5971180,1.03588E+15,186455,4789095,0.802
28-09-2018,HDFC,EQ,1729,1742,1773.5,1736,1750,1754.5,1758.62,6882950,1.21045E+15,192453,5562981,0.8082
01-10-2018,HDFC,EQ,1754.5,1765.7,1817.1,1753.1,1815,1806.35,1781.73,2700216,4.81105E+14,133818,1793589,0.6642
03-10-2018,HDFC,EQ,1806.35,1804.8,1819.45,1785.65,1801.35,1797.55,1803.62,3808517,6.86912E+14,144249,2754649,0.7233
04-10-2018,HDFC,EQ,1797.55,1780,1797.95,1742.35,1775,1778.45,1765.74,4280606,7.55842E+14,127596,2787567,0.6512
05-10-2018,HDFC,EQ,1778.45,1768.7,1775,1683.75,1685,1708.65,1733.69,4109132,7.12396E+14,109769,2755774,0.6706
08-10-2018,HDFC,EQ,1708.65,1695.8,1708.55,1646.55,1676,1667.7,1677.58,4939555,8.28648E+14,257778,3217706,0.6514
09-10-2018,HDFC,EQ,1667.7,1682.7,1734,1671.6,1707.35,1712.75,1716.64,3082730,5.29194E+14,162309,1737541,0.5636
10-10-2018,HDFC,EQ,1712.75,1717.4,1768,1716.65,1738.9,1736.95,1742.06,2358736,4.10906E+14,150782,1431903,0.6071
11-10-2018,HDFC,EQ,1736.95,1690,1724.1,1675.7,1684,1684.55,1691.26,3267234,5.52574E+14,175217,2101854,0.6433
12-10-2018,HDFC,EQ,1684.55,1705.9,1741.5,1694.5,1735.85,1730.3,1727.12,2731113,4.71696E+14,118319,1788748,0.655
15-10-2018,HDFC,EQ,1730.3,1755,1765.5,1703.65,1732,1732.9,1732.64,2996773,5.19233E+14,108023,1621241,0.541
16-10-2018,HDFC,EQ,1732.9,1735,1773.7,1713.15,1756.25,1756.25,1758.43,3427228,6.02654E+14,115235,2210064,0.6449
17-10-2018,HDFC,EQ,1756.25,1772,1775,1729.5,1748,1737.8,1750.3,3584746,6.27437E+14,115536,2686009,0.7493
19-10-2018,HDFC,EQ,1737.8,1725,1760.95,1651.7,1665,1660.25,1697.79,5363667,9.10636E+14,192993,3538757,0.6598
22-10-2018,HDFC,EQ,1660.25,1683.9,1689.7,1649.45,1663,1658.3,1669.93,4632839,7.73654E+14,180278,2757593,0.5952
23-10-2018,HDFC,EQ,1658.3,1645,1710,1644.5,1692.05,1686.75,1691.14,3734275,6.3152E+14,138081,2326530,0.623
24-10-2018,HDFC,EQ,1686.75,1715,1748.5,1706.6,1747.95,1741.45,1724.61,3598576,6.20614E+14,131691,2404445,0.6682
25-10-2018,HDFC,EQ,1741.45,1729.75,1740,1685.05,1706.75,1694.45,1706.96,4435395,7.57106E+14,172747,3043739,0.6862
26-10-2018,HDFC,EQ,1694.45,1694,1719.85,1675.5,1700.35,1702.1,1700.89,2780124,4.72868E+14,139117,1665577,0.5991
29-10-2018,HDFC,EQ,1702.1,1705,1710,1653.05,1706,1698.4,1679.92,5326330,8.94783E+14,172741,3659904,0.6871
30-10-2018,HDFC,EQ,1698.4,1703,1710,1663.2,1671.05,1671.9,1680.37,2073955,3.48501E+14,154424,1249340,0.6024
31-10-2018,HDFC,EQ,1671.9,1678,1774.5,1677.1,1767.2,1769.25,1736.64,6450539,1.12023E+15,197956,4239253,0.6572
01-11-2018,HDFC,EQ,1769.25,1776.8,1794.9,1748.25,1762,1762,1764.01,5142502,9.07141E+14,192929,2990296,0.5815
02-11-2018,HDFC,EQ,1762,1790,1836.9,1765.5,1820,1824.4,1806.7,3701701,6.68786E+14,187813,1999640,0.5402
05-11-2018,HDFC,EQ,1824.4,1811.25,1824.4,1773.35,1798.9,1792.9,1794.02,3291569,5.90514E+14,189576,2081012,0.6322
06-11-2018,HDFC,EQ,1792.9,1801.4,1814,1783.1,1802,1805.9,1799.53,2033692,3.65968E+14,94553,1093871,0.5379
07-11-2018,HDFC,EQ,1805.9,1813.55,1819,1807.65,1812.6,1815.85,1815.07,124505,2.25985E+13,5664,37583,0.3019
09-11-2018,HDFC,EQ,1815.85,1820,1832.7,1780,1824.95,1816.1,1813.72,4002556,7.25953E+14,199401,2818917,0.7043
12-11-2018,HDFC,EQ,1816.1,1817.1,1838.45,1789.35,1797,1795.9,1810.69,2020191,3.65794E+14,95814,1231356,0.6095
13-11-2018,HDFC,EQ,1795.9,1790,1829,1784.55,1825,1824.7,1807.92,1812035,3.27601E+14,86483,1048543,0.5787
14-11-2018,HDFC,EQ,1824.7,1836,1850,1830.25,1838,1839.15,1840.11,2899132,5.33473E+14,130092,2111592,0.7284
15-11-2018,HDFC,EQ,1839.15,1837,1858,1824.2,1849,1853.6,1844.57,1666149,3.07334E+14,95824,993331,0.5962
16-11-2018,HDFC,EQ,1853.6,1861,1892.9,1850,1884.05,1889,1878.88,2925841,5.49731E+14,90260,1675435,0.5726
19-11-2018,HDFC,EQ,1889,1899.95,1906.95,1872.8,1893.2,1899.35,1891.81,2675368,5.06128E+14,82780,1881839,0.7034
20-11-2018,HDFC,EQ,1899.35,1890,1904,1872.05,1878.8,1876.8,1882.93,2123458,3.99833E+14,95605,1410992,0.6645
21-11-2018,HDFC,EQ,1876.8,1877.1,1891.25,1864,1872.15,1868.15,1873.76,2394930,4.48752E+14,115206,1727308,0.7212
22-11-2018,HDFC,EQ,1868.15,1872,1889.2,1866.65,1874.7,1873.7,1880.34,1646774,3.0965E+14,91847,1141035,0.6929
26-11-2018,HDFC,EQ,1873.7,1883.9,1891.3,1869,1884.5,1884.65,1882.83,2375787,4.47321E+14,98126,1750243,0.7367
27-11-2018,HDFC,EQ,1884.65,1884.65,1908.8,1870,1903,1901.7,1892.65,2486736,4.70653E+14,113255,1669929,0.6715
28-11-2018,HDFC,EQ,1901.7,1909,1930.9,1907.15,1924,1928,1920.81,3140874,6.03303E+14,133783,2290577,0.7293
29-11-2018,HDFC,EQ,1928,1940,1965,1935,1964.5,1956.3,1949.63,3832797,7.47254E+14,185723,2923038,0.7626
30-11-2018,HDFC,EQ,1956.3,1970,1998.75,1962.8,1992,1989,1982.42,4236401,8.39831E+14,182921,3029508,0.7151
03-12-2018,HDFC,EQ,1989,2000.15,2017,1955,1976.4,1980.75,1989.66,3249616,6.46562E+14,158261,2167935,0.6671
04-12-2018,HDFC,EQ,1980.75,1980,1980,1917.7,1942.85,1939.45,1937.54,3914521,7.58454E+14,231528,2479313,0.6334
05-12-2018,HDFC,EQ,1939.45,1927,1979.8,1920.6,1970.5,1973.3,1952.48,3147110,6.14467E+14,185824,2079652,0.6608
06-12-2018,HDFC,EQ,1973.3,1955.05,1969.8,1938,1941,1945.8,1960.13,4278616,8.38665E+14,128460,3026894,0.7074
07-12-2018,HDFC,EQ,1945.8,1946.9,1961.3,1929.1,1957.95,1951.35,1943.81,2442617,4.74799E+14,130686,1673973,0.6853
10-12-2018,HDFC,EQ,1951.35,1924.35,1939.9,1901.25,1905,1906.5,1917.18,2182278,4.18381E+14,138973,1456473,0.6674
11-12-2018,HDFC,EQ,1906.5,1878,1912.65,1855.25,1904,1905.25,1885.14,3547051,6.68669E+14,141366,2180591,0.6148
12-12-2018,HDFC,EQ,1905.25,1912,1946.8,1904.25,1937,1940.2,1923.88,2228690,4.28773E+14,115636,1443896,0.6479
13-12-2018,HDFC,EQ,1940.2,1945,1961.9,1927.9,1941.45,1942.05,1943.93,2778618,5.40144E+14,124486,1837952,0.6615
14-12-2018,HDFC,EQ,1942.05,1945,1955,1898.05,1909.6,1904.1,1913.13,3459751,6.61894E+14,190423,2270413,0.6562
17-12-2018,HDFC,EQ,1904.1,1915,1963.4,1913.7,1963,1960.35,1942.9,2030693,3.94544E+14,142060,1213372,0.5975
18-12-2018,HDFC,EQ,1960.35,1955,1957.9,1932.5,1949.05,1952,1943.92,2121103,4.12325E+14,121417,1225510,0.5778
19-12-2018,HDFC,EQ,1952,1954,1985.5,1948.55,1979.8,1981.7,1973.76,2560551,5.05392E+14,146398,1737845,0.6787
20-12-2018,HDFC,EQ,1981.7,1970,1982,1943.05,1977,1974.7,1960.03,1829220,3.58533E+14,151633,822136,0.4494
21-12-2018,HDFC,EQ,1974.7,1974.8,1979.6,1930,1943.45,1948.6,1951.03,4016548,7.83639E+14,191137,2537700,0.6318
24-12-2018,HDFC,EQ,1948.6,1955,1955,1898,1906.75,1902.15,1925.72,2207727,4.25146E+14,88330,1113635,0.5044
26-12-2018,HDFC,EQ,1902.15,1896,1944.7,1883.2,1938,1933.35,1910.4,1536116,2.93459E+14,63129,556553,0.3623
27-12-2018,HDFC,EQ,1933.35,1948.45,1955,1930,1946.3,1948.85,1943.86,1645443,3.19852E+14,91461,853630,0.5188
28-12-2018,HDFC,EQ,1948.85,1959,1990,1952,1978.15,1979.95,1981.67,2384400,4.7251E+14,140963,1426126,0.5981
31-12-2018,HDFC,EQ,1979.95,1988,1989.75,1961.55,1965,1968.35,1971.07,2289993,4.51374E+14,105787,1573651,0.6872
01-01-2019,HDFC,EQ,1968.35,1968,2014.7,1954.5,2010,2009,1990.57,1305443,2.59858E+14,38275,550585,0.4218
02-01-2019,HDFC,EQ,2009,2004.7,2009,1961,1983,1980.65,1984.08,2001170,3.97048E+14,98280,664392,0.332
03-01-2019,HDFC,EQ,1980.65,1984.05,1987.1,1931.85,1937,1936.85,1950.27,3732193,7.27878E+14,164907,2383871,0.6387
04-01-2019,HDFC,EQ,1936.85,1948,1976,1942,1973,1972.6,1957.64,2109614,4.12987E+14,109267,1090688,0.517
07-01-2019,HDFC,EQ,1972.6,1976.95,1987.5,1963.95,1974,1972.9,1975.79,2255477,4.45635E+14,103782,1534212,0.6802
08-01-2019,HDFC,EQ,1972.9,1983,1983,1948,1955.85,1958.95,1959.5,2061919,4.04033E+14,116508,1286819,0.6241
09-01-2019,HDFC,EQ,1958.95,1962,1998,1962,1991.3,1994.95,1980.98,2905090,5.75493E+14,140547,1993913,0.6864
10-01-2019,HDFC,EQ,1994.95,1993,1993,1971.3,1976,1980.1,1980.17,2138302,4.23421E+14,132922,1335881,0.6247
11-01-2019,HDFC,EQ,1980.1,1978,2007.7,1972.4,1990.25,1991.4,1989.68,1814132,3.60954E+14,75412,814361,0.4489
14-01-2019,HDFC,EQ,1991.4,1983,1983.15,1949.6,1969.25,1969.2,1962.84,2167796,4.25503E+14,121070,1059517,0.4888
15-01-2019,HDFC,EQ,1969.2,1975.2,1996,1964,1988.4,1992.15,1982.27,2111042,4.18466E+14,94472,1151586,0.5455
16-01-2019,HDFC,EQ,1992.15,1989,1994.75,1965.5,1976.9,1975,1976.96,1878811,3.71433E+14,124051,1089727,0.58
17-01-2019,HDFC,EQ,1975,1982.75,2007,1979.05,2000.2,2004.55,1994.18,2773741,5.53135E+14,114664,1790337,0.6455
18-01-2019,HDFC,EQ,2004.55,2004,2012.6,1989.25,2000.05,2006.85,2001.77,1942136,3.8877E+14,106598,1169031,0.6019
21-01-2019,HDFC,EQ,2006.85,1998,2016,1983.2,2005,2004.45,2002.93,2146668,4.29963E+14,114048,1113020,0.5185
22-01-2019,HDFC,EQ,2004.45,1999,2002.15,1968.5,1981.3,1979.4,1978.04,3502920,6.92891E+14,139684,2155415,0.6153
23-01-2019,HDFC,EQ,1979.4,1981.8,1984.95,1951.3,1957.25,1958.25,1963.4,2201110,4.32165E+14,85100,1349707,0.6132
24-01-2019,HDFC,EQ,1958.25,1960,1976,1942.15,1972.5,1971.1,1956.37,2194496,4.29324E+14,108308,1284755,0.5854
25-01-2019,HDFC,EQ,1971.1,1964.4,1993,1963.95,1973.35,1977.8,1982.39,2240491,4.44152E+14,86235,1460180,0.6517
28-01-2019,HDFC,EQ,1977.8,1978.7,1982.2,1938.1,1951,1946.9,1953.84,2698966,5.27334E+14,127940,1607935,0.5958
29-01-2019,HDFC,EQ,1946.9,1943.7,1949.9,1893.3,1928.5,1922.3,1924.99,4035877,7.76902E+14,160916,2005424,0.4969
30-01-2019,HDFC,EQ,1922.3,1924.6,1929.3,1869.5,1878.9,1885.8,1885.95,4127767,7.78478E+14,186737,2413309,0.5847
31-01-2019,HDFC,EQ,1885.8,1883,1941.2,1877.3,1919,1922.35,1909.13,5303839,1.01257E+15,201185,3432974,0.6473
01-02-2019,HDFC,EQ,1922.35,1929,1974.45,1925.1,1963.7,1961.25,1955.77,4867443,9.51961E+14,172934,3347385,0.6877
04-02-2019,HDFC,EQ,1961.25,1959.9,1981.95,1942,1975,1978.5,1964.33,1421635,2.79256E+14,116546,761114,0.5354
05-02-2019,HDFC,EQ,1978.5,1979.8,1985,1962.25,1980,1981.4,1974.51,1450509,2.86405E+14,76606,867313,0.5979
06-02-2019,HDFC,EQ,1981.4,1983.6,1994.9,1975.5,1990,1987.95,1988.96,2036890,4.0513E+14,109932,1487989,0.7305
07-02-2019,HDFC,EQ,1987.95,1990.05,1991.95,1962.55,1965.5,1969.65,1976.27,2722458,5.38032E+14,117658,1821245,0.669
08-02-2019,HDFC,EQ,1969.65,1963.1,1968.6,1936.85,1939.6,1944.65,1956.33,2187808,4.28007E+14,99624,1553284,0.71
11-02-2019,HDFC,EQ,1944.65,1943.9,1959,1935.6,1951.25,1948.2,1947.12,2209258,4.30168E+14,87814,1585172,0.7175
12-02-2019,HDFC,EQ,1948.2,1950,1956.4,1901.15,1904.5,1905.05,1924.17,2642567,5.08475E+14,142801,1960215,0.7418
13-02-2019,HDFC,EQ,1905.05,1907.1,1943,1907.1,1920.75,1930.5,1928.38,3710809,7.15584E+14,171878,2537071,0.6837
14-02-2019,HDFC,EQ,1930.5,1921,1929.25,1893.85,1905.45,1900.7,1910.35,2511047,4.79698E+14,187582,1668169,0.6643
15-02-2019,HDFC,EQ,1900.7,1900.6,1900.6,1856.5,1877.25,1874.9,1872.23,2647706,4.95711E+14,145607,1824317,0.689
18-02-2019,HDFC,EQ,1874.9,1877.3,1893,1864.05,1873.8,1874.85,1874.84,2768637,5.19075E+14,140482,1901040,0.6866
19-02-2019,HDFC,EQ,1874.85,1870,1888.5,1844.25,1849.25,1853.45,1869.81,2988645,5.58821E+14,89942,1782993,0.5966
20-02-2019,HDFC,EQ,1853.45,1865,1874.95,1858,1869,1870.5,1866.82,2645051,4.93784E+14,150078,1955716,0.7394
21-02-2019,HDFC,EQ,1870.5,1871,1894.7,1865.1,1890.45,1891.45,1881.67,1578842,2.97086E+14,96909,1013242,0.6418
22-02-2019,HDFC,EQ,1891.45,1893.95,1899,1877.5,1887,1887.4,1888.58,2461406,4.64856E+14,133440,1682352,0.6835
25-02-2019,HDFC,EQ,1887.4,1897.9,1897.9,1871.5,1896.9,1894.5,1886.54,2049742,3.86693E+14,114319,1376454,0.6715
26-02-2019,HDFC,EQ,1894.5,1874,1894.65,1850,1856,1853.65,1865.27,3756159,7.00626E+14,140566,2555870,0.6804
27-02-2019,HDFC,EQ,1853.65,1868,1870,1820,1840.5,1841,1845.85,3412510,6.29898E+14,183158,2141106,0.6274
28-02-2019,HDFC,EQ,1841,1849,1853.65,1834.6,1841.8,1841.2,1841.82,5693899,1.04872E+15,140502,4338656,0.762
01-03-2019,HDFC,EQ,1841.2,1850.4,1863.4,1838.3,1859.8,1859.45,1851.62,2679223,4.96092E+14,90888,1919501,0.7164
05-03-2019,HDFC,EQ,1859.45,1856.8,1868.4,1838.55,1860.05,1860,1857.2,2256049,4.18993E+14,160247,1498401,0.6642
06-03-2019,HDFC,EQ,1860,1864.7,1889.5,1858.8,1886,1885.2,1873.84,1828916,3.4271E+14,86594,1151404,0.6296
07-03-2019,HDFC,EQ,1885.2,1892,1892,1865.2,1879,1880.2,1878.9,2171462,4.07997E+14,96426,1403671,0.6464
08-03-2019,HDFC,EQ,1880.2,1879,1888,1871.1,1886.3,1884.05,1879.97,1845737,3.46994E+14,134127,1271944,0.6891
11-03-2019,HDFC,EQ,1884.05,1886.35,1903.8,1884,1902.8,1897.55,1895.34,3170249,6.0087E+14,96873,2291324,0.7228
12-03-2019,HDFC,EQ,1897.55,1914.9,1936.65,1900.1,1926.25,1930,1915.08,3692761,7.07193E+14,150711,2506439,0.6787
13-03-2019,HDFC,EQ,1930,1939,1964.4,1923.4,1948.2,1950.65,1946.93,3570861,6.95221E+14,162285,2232272,0.6251
14-03-2019,HDFC,EQ,1950.65,1971.8,1975.1,1949.3,1961.1,1956.95,1959.13,3985679,7.80848E+14,117151,2819047,0.7073
15-03-2019,HDFC,EQ,1956.95,1960,1991.7,1955.9,1976.8,1974.65,1972.9,5984639,1.18071E+15,124258,4719692,0.7886
18-03-2019,HDFC,EQ,1974.65,1982,1994.95,1953.1,1967,1962.4,1968.65,2563905,5.04743E+14,119652,1673533,0.6527
19-03-2019,HDFC,EQ,1962.4,1972.9,1978.55,1962.1,1967,1967.85,1968.78,2827631,5.56698E+14,145386,2159247,0.7636
20-03-2019,HDFC,EQ,1967.85,1975,1998,1968.1,1985,1987.55,1984.87,3654200,7.25311E+14,178859,2673876,0.7317
22-03-2019,HDFC,EQ,1987.55,1998,2010,1970.6,1988,1981.55,1991.26,3560396,7.08969E+14,146667,2512560,0.7057
25-03-2019,HDFC,EQ,1981.55,1976.9,1976.9,1938.2,1944.65,1945.65,1952.32,3270882,6.3858E+14,107378,2507744,0.7667
26-03-2019,HDFC,EQ,1945.65,1950.4,1953.35,1930.85,1948.2,1946.3,1944.21,2621669,5.09707E+14,87318,1782160,0.6798
27-03-2019,HDFC,EQ,1946.3,1955.55,1959,1906,1914.1,1919.9,1937.71,3076446,5.96125E+14,161822,2146231,0.6976
28-03-2019,HDFC,EQ,1919.9,1917,1950,1912.05,1942.1,1944.45,1942.93,6370987,1.23784E+15,151893,5177109,0.8126
29-03-2019,HDFC,EQ,1944.45,1950.05,1972.25,1936.05,1964,1968.25,1956.38,4320179,8.45192E+14,148642,3200934,0.7409
01-04-2019,HDFC,EQ,1968.25,1968.1,1975,1945.05,1951,1959.65,1960.06,3328552,6.52415E+14,168073,2370360,0.7121
02-04-2019,HDFC,EQ,1959.65,1966.1,2001,1955,1998.95,1995.95,1979.73,3655232,7.23639E+14,159005,2561511,0.7008
03-04-2019,HDFC,EQ,1995.95,2004,2032.45,1997.15,2008.75,2013.1,2019.73,4345772,8.77727E+14,109651,2926819,0.6735
04-04-2019,HDFC,EQ,2013.1,2008,2058.8,2006.3,2041.9,2042.05,2037.46,4463212,9.0936E+14,154293,3106308,0.696
05-04-2019,HDFC,EQ,2042.05,2045,2065,2035,2064.5,2059.2,2055.28,2576789,5.29602E+14,125822,1692384,0.6568
08-04-2019,HDFC,EQ,2059.2,2068,2072.5,2029.25,2052,2054.9,2048.64,2057768,4.21563E+14,114354,1387042,0.6741
09-04-2019,HDFC,EQ,2054.9,2062.5,2073,2039.15,2067,2069.15,2057.72,2381281,4.90001E+14,162102,1662887,0.6983
10-04-2019,HDFC,EQ,2069.15,2067.5,2068,2025.1,2029.95,2029.25,2038.39,3036356,6.18927E+14,151203,2155517,0.7099
11-04-2019,HDFC,EQ,2029.25,2028,2048,2017.5,2018.1,2022.8,2029.46,2521729,5.11774E+14,160208,1690856,0.6705
12-04-2019,HDFC,EQ,2022.8,2024,2029.9,2008.1,2023,2024.95,2020.07,2121821,4.28623E+14,102234,1519702,0.7162
15-04-2019,HDFC,EQ,2024.95,2034.9,2034.9,2010,2012,2014.25,2019.1,1333222,2.69191E+14,76176,811985,0.609
16-04-2019,HDFC,EQ,2014.25,2019.7,2034.3,2016.1,2027.2,2026.7,2025.8,2000314,4.05224E+14,166866,1489678,0.7447
18-04-2019,HDFC,EQ,2026.7,2040,2047.9,1998.15,2005,2003.75,2013.04,3888701,7.8281E+14,175404,2147684,0.5523
22-04-2019,HDFC,EQ,2003.75,2005,2010,1948,1958.5,1953.9,1970.41,2002662,3.94606E+14,80677,1361456,0.6798
23-04-2019,HDFC,EQ,1953.9,1958,1966.25,1929.6,1930,1934.7,1944.34,2848980,5.53937E+14,109800,1999347,0.7018
24-04-2019,HDFC,EQ,1934.7,1943.9,1985,1933.25,1984.7,1980.4,1958.44,2758373,5.4021E+14,115391,1799052,0.6522
25-04-2019,HDFC,EQ,1980.4,1987.55,1998.8,1946.55,1951.45,1955.15,1970.35,4162465,8.20151E+14,136733,2807343,0.6744
26-04-2019,HDFC,EQ,1955.15,1959.3,1982.15,1941.6,1976.95,1977.4,1963.96,2094836,4.11418E+14,102041,1440081,0.6874
30-04-2019,HDFC,EQ,1977.4,1977.4,1999.85,1954.2,1995.55,1995.05,1976.43,3675345,7.26404E+14,122095,2606623,0.7092
02-05-2019,HDFC,EQ,1995.05,1995,2027.9,1989.25,2018,2017.4,2012.44,2380823,4.79126E+14,124835,1428794,0.6001
03-05-2019,HDFC,EQ,2017.4,2017.5,2037.6,2000,2002.8,2006.4,2020.47,1451357,2.93242E+14,80223,850504,0.586
06-05-2019,HDFC,EQ,2006.4,1987.25,1993.95,1957,1965.9,1965.45,1967.93,2216418,4.36175E+14,89509,1394023,0.629
07-05-2019,HDFC,EQ,1965.45,1974.8,2009.15,1959.2,1964.5,1966.3,1983.01,2683956,5.32232E+14,114029,1522276,0.5672
08-05-2019,HDFC,EQ,1966.3,1964.5,1964.5,1925.05,1930.1,1930.75,1941.55,3626183,7.04042E+14,151779,2378973,0.6561
09-05-2019,HDFC,EQ,1930.75,1926,1931.6,1901.3,1914.15,1914.6,1918.15,1932792,3.70738E+14,130444,1132999,0.5862
10-05-2019,HDFC,EQ,1914.6,1915.25,1956,1910.75,1926.8,1931.7,1936.05,1628923,3.15368E+14,97684,811832,0.4984
13-05-2019,HDFC,EQ,1931.7,1926.1,1984.4,1917.85,1957,1952.9,1958.85,4509527,8.8335E+14,139299,1332224,0.2954
14-05-2019,HDFC,EQ,1952.9,1961,1989.8,1924.25,1964.2,1965.2,1951.75,4304854,8.40201E+14,158101,2374347,0.5516
15-05-2019,HDFC,EQ,1965.2,1975,1979.95,1937.5,1939.5,1944.95,1961.65,2371807,4.65265E+14,114555,1282986,0.5409
16-05-2019,HDFC,EQ,1944.95,1954,1954,1923.3,1945.1,1942.1,1935.38,2527762,4.89219E+14,151697,1489760,0.5894
17-05-2019,HDFC,EQ,1942.1,1941,1997.95,1938.55,1996,1993.65,1980.19,2328374,4.61062E+14,140080,1234416,0.5302
20-05-2019,HDFC,EQ,1993.65,2030.5,2135.5,2030,2120.05,2122.5,2093.43,6214064,1.30087E+15,197428,4036207,0.6495
21-05-2019,HDFC,EQ,2122.5,2141.2,2178.9,2104.1,2118,2114.5,2145.11,5575430,1.19599E+15,246995,3565221,0.6395
22-05-2019,HDFC,EQ,2114.5,2124,2155.2,2119,2141.55,2138.8,2138.55,3076404,6.57904E+14,177513,1843624,0.5993
23-05-2019,HDFC,EQ,2138.8,2174,2210,2103.3,2128.95,2114.4,2168.72,7619751,1.65251E+15,314169,4744033,0.6226
24-05-2019,HDFC,EQ,2114.4,2125,2151.9,2095,2123,2123.4,2120.74,3307188,7.0137E+14,144719,1769591,0.5351
27-05-2019,HDFC,EQ,2123.4,2129.95,2187.5,2116.2,2159.3,2165.3,2161.74,3886480,8.40155E+14,154680,2302288,0.5924
28-05-2019,HDFC,EQ,2165.3,2167,2169.75,2114,2158,2147.85,2140.11,7177003,1.53596E+15,231249,5324657,0.7419
29-05-2019,HDFC,EQ,2147.85,2150.1,2170,2135,2144,2147.45,2150.97,3085215,6.63621E+14,156903,2063427,0.6688
30-05-2019,HDFC,EQ,2147.45,2141.4,2189.45,2130,2179.1,2184.4,2169.63,3766742,8.17244E+14,133065,2042344,0.5422
31-05-2019,HDFC,EQ,2184.4,2190,2197,2140.05,2184,2182.65,2180.23,5769576,1.2579E+15,207260,3973878,0.6888
03-06-2019,HDFC,EQ,2182.65,2200,2235,2192.7,2230.35,2230.45,2217.73,3673925,8.14778E+14,110536,2321314,0.6318
04-06-2019,HDFC,EQ,2230.45,2220,2233.9,2209,2229.15,2223.95,2222.85,2430870,5.40345E+14,117466,1388917,0.5714
06-06-2019,HDFC,EQ,2223.95,2230,2231,2171.65,2184,2183.45,2200.67,3888312,8.55688E+14,188097,2876772,0.7399
07-06-2019,HDFC,EQ,2183.45,2190,2217.75,2168.4,2207,2210.85,2191.61,1951213,4.27629E+14,138918,1025465,0.5256
10-06-2019,HDFC,EQ,2210.85,2215.25,2224.8,2175.45,2192,2194.05,2193.98,2484187,5.45027E+14,139805,1493083,0.601
11-06-2019,HDFC,EQ,2194.05,2202.25,2204,2181,2184.55,2189.85,2192.02,2393325,5.24622E+14,136438,1458166,0.6093
12-06-2019,HDFC,EQ,2189.85,2187.5,2188.1,2162,2185,2181.95,2174.02,2223012,4.83288E+14,108086,1112596,0.5005
13-06-2019,HDFC,EQ,2181.95,2180,2200.8,2161.35,2196,2197.5,2182.23,2691171,5.87276E+14,135131,1513814,0.5625
14-06-2019,HDFC,EQ,2197.5,2204.5,2207.55,2177.15,2182.95,2185.85,2189.8,2162503,4.73546E+14,109072,1238532,0.5727
17-06-2019,HDFC,EQ,2185.85,2193,2193,2164,2177,2173,2173.16,2058409,4.47326E+14,91779,1315595,0.6325
18-06-2019,HDFC,EQ,2173,2178.9,2194.6,2134.65,2156,2153,2165.07,3405935,7.3741E+14,190547,2029600,0.5879
19-06-2019,HDFC,EQ,2153,2160.05,2186.4,2158.55,2180.9,2175.4,2173.69,2146689,4.66623E+14,111954,1262329,0.588
20-06-2019,HDFC,EQ,2175.4,2174.1,2207.7,2165.65,2203,2199.25,2193.71,2933451,6.43514E+14,149027,1677942,0.572
21-06-2019,HDFC,EQ,2199.25,2200.8,2201.2,2135.9,2142.85,2140.8,2153.08,7764514,1.67176E+15,193912,5947935,0.766
24-06-2019,HDFC,EQ,2140.8,2136.1,2159,2133.5,2150,2148.9,2148.03,2038683,4.37914E+14,116945,1183634,0.5806
25-06-2019,HDFC,EQ,2148.9,2147.9,2176.8,2138.1,2171,2172.8,2160.66,1889368,4.08228E+14,108763,1139040,0.6029
26-06-2019,HDFC,EQ,2172.8,2165,2180.6,2153.7,2164.25,2168.1,2165.85,2131272,4.61601E+14,93137,1200108,0.5631
27-06-2019,HDFC,EQ,2168.1,2166.5,2202.55,2166.05,2196.3,2195.45,2189.62,3972522,8.6983E+14,130451,2177500,0.5481
28-06-2019,HDFC,EQ,2195.45,2196,2205,2177.65,2194.4,2192.1,2192.12,2859385,6.26811E+14,137859,1748774,0.6116
01-07-2019,HDFC,EQ,2192.1,2197,2252.95,2192.3,2250.1,2245.9,2227.98,2090173,4.65686E+14,97346,937484,0.4485
02-07-2019,HDFC,EQ,2245.9,2256.8,2285,2240,2282,2281.25,2262.05,2729953,6.17529E+14,95788,1393773,0.5105
03-07-2019,HDFC,EQ,2281.25,2280,2287,2257.2,2275.15,2277.2,2275.44,2146370,4.88394E+14,125668,1067201,0.4972
04-07-2019,HDFC,EQ,2277.2,2277,2286.3,2265.1,2278.1,2280.25,2275.11,1597337,3.63412E+14,119973,930945,0.5828
05-07-2019,HDFC,EQ,2280.25,2281.25,2300.7,2266.6,2270,2278.9,2284.65,1901409,4.34405E+14,104963,847274,0.4456
08-07-2019,HDFC,EQ,2278.9,2269.9,2275.55,2243.3,2263.1,2259.95,2259.59,2638029,5.96087E+14,85717,1810737,0.6864
09-07-2019,HDFC,EQ,2259.95,2248.85,2248.85,2197.25,2240,2232.8,2220.71,2899589,6.43916E+14,141095,1556546,0.5368
10-07-2019,HDFC,EQ,2232.8,2232,2253.4,2220,2230.95,2227.75,2232.59,1544391,3.44799E+14,101154,835414,0.5409
11-07-2019,HDFC,EQ,2227.75,2240,2269.3,2231.1,2260.65,2261.9,2254.42,1397362,3.15024E+14,85714,779978,0.5582
12-07-2019,HDFC,EQ,2261.9,2270,2282,2250.75,2250.8,2257.8,2271.09,2647206,6.01206E+14,121225,1546389,0.5842
15-07-2019,HDFC,EQ,2257.8,2255.9,2271,2236.4,2270,2265.35,2259.05,1570180,3.54711E+14,70130,1000677,0.6373
16-07-2019,HDFC,EQ,2265.35,2270,2284.8,2256.95,2277.55,2277.55,2272.13,2002416,4.54975E+14,114617,1197170,0.5979
17-07-2019,HDFC,EQ,2277.55,2277,2289.45,2277,2285.4,2286.7,2284.73,1692841,3.86768E+14,87255,1202582,0.7104
18-07-2019,HDFC,EQ,2286.7,2287.95,2357.85,2285.55,2338,2345.15,2332.67,4047413,9.44127E+14,249224,2607376,0.6442
19-07-2019,HDFC,EQ,2345.15,2332,2339,2292.8,2302,2303.55,2313.11,3581265,8.28388E+14,230108,2633539,0.7354
22-07-2019,HDFC,EQ,2303.55,2287,2298,2180.2,2182.3,2186.9,2201.94,3007548,6.62244E+14,191818,1571303,0.5225
23-07-2019,HDFC,EQ,2186.9,2181.4,2189.75,2126.05,2140,2138.5,2143.22,4659229,9.98576E+14,222869,2813425,0.6038
24-07-2019,HDFC,EQ,2138.5,2140,2188.85,2140,2179.9,2184.25,2175.12,3133303,6.81532E+14,181144,1817460,0.58
25-07-2019,HDFC,EQ,2184.25,2184.1,2215.2,2161.3,2194,2195.35,2196.99,3194769,7.01888E+14,191427,1863309,0.5832
26-07-2019,HDFC,EQ,2195.35,2193.75,2197.8,2159.4,2165,2165.75,2178.06,1920114,4.18212E+14,131407,1112808,0.5796
29-07-2019,HDFC,EQ,2165.75,2162.8,2174.95,2110,2160,2149,2142.3,1897861,4.06579E+14,112981,1113040,0.5865
30-07-2019,HDFC,EQ,2149,2150,2158.3,2113.35,2125.5,2127.25,2132.05,3091291,6.59077E+14,151576,2150168,0.6956
31-07-2019,HDFC,EQ,2127.25,2110.25,2131.95,2107.7,2123.15,2121.8,2119.57,3563574,7.55325E+14,164673,2564297,0.7196
01-08-2019,HDFC,EQ,2121.8,2115.2,2115.9,2063.8,2085.1,2086.8,2083.17,3634666,7.57164E+14,260948,2391134,0.6579
02-08-2019,HDFC,EQ,2086.8,2075.25,2148.65,2039.35,2135.75,2124.8,2097.26,5907182,1.23889E+15,264181,3055582,0.5173
05-08-2019,HDFC,EQ,2124.8,2115,2159.45,2107.75,2151.7,2152.35,2132.6,6285106,1.34036E+15,228558,4125263,0.6564
06-08-2019,HDFC,EQ,2152.35,2146.05,2217.65,2136.55,2185.1,2189.9,2179.27,5044712,1.09938E+15,185412,3211582,0.6366
07-08-2019,HDFC,EQ,2189.9,2189.8,2198.95,2161.7,2171,2175.2,2178.88,3206138,6.98579E+14,146220,1830569,0.571
08-08-2019,HDFC,EQ,2175.2,2183.9,2187.7,2152,2176.3,2182.3,2167.66,3525820,7.64277E+14,144419,1862354,0.5282
09-08-2019,HDFC,EQ,2182.3,2192.7,2240,2178.75,2214,2211.65,2222.52,4238315,9.41973E+14,146907,2470618,0.5829
13-08-2019,HDFC,EQ,2211.65,2196.1,2209.65,2092.45,2101.85,2100.1,2136.79,3358448,7.17629E+14,215215,1890049,0.5628
14-08-2019,HDFC,EQ,2100.1,2129,2146,2105.25,2113.9,2117.7,2125.76,2683820,5.70517E+14,143520,1176700,0.4384
16-08-2019,HDFC,EQ,2117.7,2160,2162,2092.5,2099,2100,2114.45,7231763,1.52912E+15,241538,4433728,0.6131
19-08-2019,HDFC,EQ,2100,2114.45,2135,2098.1,2110.9,2114.05,2118.78,2233119,4.73149E+14,130111,1003856,0.4495
20-08-2019,HDFC,EQ,2114.05,2112.35,2114.9,2075,2090.8,2090.1,2099.65,2966933,6.22951E+14,141534,1647489,0.5553
21-08-2019,HDFC,EQ,2090.1,2096,2099.95,2062.95,2069,2066.9,2079.25,2095800,4.35769E+14,92228,1159692,0.5533
22-08-2019,HDFC,EQ,2066.9,2066,2073.5,2007.95,2012.3,2014.1,2034.79,2424936,4.93423E+14,134232,1269136,0.5234
23-08-2019,HDFC,EQ,2014.1,1999,2058.05,1973,2057.1,2043.75,2019.52,3421089,6.90895E+14,140386,1825015,0.5335
26-08-2019,HDFC,EQ,2043.75,2088,2152.95,2060,2150,2148.35,2112.51,5267345,1.11273E+15,187021,2545138,0.4832
27-08-2019,HDFC,EQ,2148.35,2158,2186.75,2144.7,2182.6,2174.3,2171.77,7685979,1.66922E+15,319341,5104126,0.6641
28-08-2019,HDFC,EQ,2174.3,2174,2193.6,2155.75,2189.9,2187.15,2177.34,3291574,7.16687E+14,158924,1675762,0.5091
29-08-2019,HDFC,EQ,2187.15,2176,2179,2120.4,2129.7,2128.45,2140.01,5158203,1.10386E+15,166879,3290944,0.638
30-08-2019,HDFC,EQ,2128.45,2137.7,2171.25,2118,2165,2166.45,2149.86,5191150,1.11603E+15,197222,3432568,0.6612
03-09-2019,HDFC,EQ,2166.45,2141,2144.7,2083,2088.45,2089.9,2100.34,4009112,8.42052E+14,162095,2517078,0.6278
04-09-2019,HDFC,EQ,2089.9,2091.65,2113.1,2072.7,2099.75,2100.1,2095.5,3621927,7.58974E+14,132402,1768420,0.4883
05-09-2019,HDFC,EQ,2100.1,2100,2100,2040,2041,2044.15,2054.36,3847628,7.90442E+14,178382,1752207,0.4554
06-09-2019,HDFC,EQ,2044.15,2056.45,2056.45,2023,2044,2041.45,2037.08,4227171,8.61111E+14,178593,2494624,0.5901
09-09-2019,HDFC,EQ,2041.45,2044.45,2069.95,2029,2066.7,2064.25,2060.07,2738878,5.64229E+14,163680,1598609,0.5837
11-09-2019,HDFC,EQ,2064.25,2072,2086.55,2053.1,2066,2071.85,2070.62,4003713,8.29017E+14,179227,2656625,0.6635
12-09-2019,HDFC,EQ,2071.85,2085.45,2113.85,2076.85,2082.8,2082.75,2096.43,3303127,6.92478E+14,139350,1793743,0.543
13-09-2019,HDFC,EQ,2082.75,2079,2092.05,2063.7,2089.85,2083.85,2075.39,3133152,6.50251E+14,132521,2059024,0.6572
16-09-2019,HDFC,EQ,2083.85,2080,2083,2038,2044.1,2046.75,2052.4,3750174,7.69686E+14,168769,2212573,0.59
17-09-2019,HDFC,EQ,2046.75,2041.9,2045.5,1976.2,1995.6,1996.25,2006.18,5897097,1.18307E+15,179829,3348563,0.5678
18-09-2019,HDFC,EQ,1996.25,2010,2012.4,1982.4,1988.85,1988.3,1993.65,4245697,8.46443E+14,135398,2432742,0.573
19-09-2019,HDFC,EQ,1988.3,1988.3,2002.3,1964.1,1972.5,1974.6,1985.51,4138284,8.21659E+14,170839,2330350,0.5631
20-09-2019,HDFC,EQ,1974.6,1983.9,2065,1960,2050.65,2049.3,2038.33,18203636,3.7105E+15,279169,11883804,0.6528
23-09-2019,HDFC,EQ,2049.3,2085,2194.8,2080,2159.9,2162,2146.38,9653408,2.07199E+15,277944,5551334,0.5751
24-09-2019,HDFC,EQ,2162,2159.9,2185,2114.25,2131,2130,2138.91,4763968,1.01897E+15,185465,2421797,0.5084
25-09-2019,HDFC,EQ,2130,2127.05,2127.05,2050.25,2067.85,2069.95,2071.36,6966228,1.44295E+15,218163,4029011,0.5784
26-09-2019,HDFC,EQ,2069.95,2070.1,2088,2053.8,2065.9,2063.2,2068.89,7669665,1.58677E+15,253150,4004021,0.5221
27-09-2019,HDFC,EQ,2063.2,2061.25,2096.7,2025.6,2034,2035.9,2061.64,4896678,1.00952E+15,208955,2823381,0.5766
30-09-2019,HDFC,EQ,2035.9,2035.9,2038.5,1970.05,1977.05,1977.05,1989.56,7117561,1.41608E+15,255161,4399533,0.6181
01-10-2019,HDFC,EQ,1977.05,1988,2028.95,1962.95,1991.85,1995.65,1994.56,9472004,1.88925E+15,306394,5683419,0.6
03-10-2019,HDFC,EQ,1995.65,1990,1999,1951.25,1976.45,1974.55,1971.84,4882403,9.62731E+14,209284,2707186,0.5545
04-10-2019,HDFC,EQ,1974.55,1992,2016.9,1972.6,1975.05,1978.3,1995.84,7413858,1.47969E+15,229625,4307902,0.5811
07-10-2019,HDFC,EQ,1978.3,1988.5,1996.8,1963.05,1969,1969.3,1982.09,2730663,5.41241E+14,120017,1386137,0.5076
09-10-2019,HDFC,EQ,1969.3,1974.85,2005,1964.35,2005,2002,1986.41,5119327,1.01691E+15,168888,3504826,0.6846
10-10-2019,HDFC,EQ,2002,2000,2000,1971,1987.2,1987.95,1982.85,2627395,5.20974E+14,143041,1529672,0.5822
11-10-2019,HDFC,EQ,1987.95,1997.95,2025.5,1980.25,2007,2010.15,2006.03,2882644,5.78266E+14,111442,1412103,0.4899
14-10-2019,HDFC,EQ,2010.15,2017,2031.85,2000,2009,2014.75,2019.41,2903479,5.86331E+14,109769,1865254,0.6424
15-10-2019,HDFC,EQ,2014.75,2019,2030.4,2009.2,2013,2013.3,2019.15,2109065,4.25853E+14,127997,1208215,0.5729
16-10-2019,HDFC,EQ,2013.3,2020,2056,2015,2051.8,2048.7,2035.75,3766098,7.66685E+14,211302,2494554,0.6624
17-10-2019,HDFC,EQ,2048.7,2056.95,2095,2050.1,2085.45,2089.75,2076.46,4562240,9.47332E+14,203900,3133103,0.6867
18-10-2019,HDFC,EQ,2089.75,2089,2102,2065.1,2096,2094.45,2085.63,2760381,5.75712E+14,97942,1781855,0.6455
22-10-2019,HDFC,EQ,2094.45,2115,2140.5,2096,2116,2114.9,2116.25,3460577,7.32346E+14,165094,2057174,0.5945
23-10-2019,HDFC,EQ,2114.9,2116,2148,2104.7,2144.2,2142.95,2131.25,2487332,5.30112E+14,130548,1472562,0.592
24-10-2019,HDFC,EQ,2142.95,2150,2174.2,2141.35,2145.15,2144.95,2153.35,4061508,8.74585E+14,158622,2590382,0.6378
25-10-2019,HDFC,EQ,2144.95,2149,2153.45,2085.25,2101,2101.55,2108.03,3099190,6.5332E+14,169789,1749744,0.5646
27-10-2019,HDFC,EQ,2101.55,2114.95,2120,2096.8,2103.9,2105.35,2107.65,280920,5.92082E+13,12046,144502,0.5144
29-10-2019,HDFC,EQ,2105.35,2095,2123.55,2079.05,2114.75,2113.05,2102.35,2732339,5.74432E+14,135562,1710136,0.6259
30-10-2019,HDFC,EQ,2113.05,2134.95,2134.95,2102.6,2103,2107.45,2114.9,2347585,4.96491E+14,86913,1414845,0.6027
31-10-2019,HDFC,EQ,2107.45,2115,2146.8,2103.65,2137,2131.9,2124.17,3273126,6.95266E+14,122214,1827892,0.5585
01-11-2019,HDFC,EQ,2131.9,2135.9,2167.25,2120.1,2130.8,2128.6,2142.57,3431044,7.35126E+14,120901,1928280,0.562
04-11-2019,HDFC,EQ,2128.6,2140.9,2195,2121.1,2179.8,2181.3,2160.09,6580464,1.42144E+15,208636,1893341,0.2877
05-11-2019,HDFC,EQ,2181.3,2207.1,2209.8,2164.7,2182.55,2181.3,2185.07,5525743,1.20741E+15,167738,2795220,0.5059
06-11-2019,HDFC,EQ,2181.3,2188,2228,2162,2221,2220.6,2196.72,4225289,9.2818E+14,170971,2157528,0.5106
07-11-2019,HDFC,EQ,2220.6,2247.4,2264.8,2236.2,2250,2251,2252.2,5582130,1.25721E+15,190815,3658935,0.6555
08-11-2019,HDFC,EQ,2251,2242.95,2252.5,2211,2230,2233.2,2238.65,3315622,7.42251E+14,145352,2054022,0.6195
11-11-2019,HDFC,EQ,2233.2,2228,2239.8,2216,2236.15,2234.55,2229.58,1834680,4.09056E+14,69692,1017767,0.5547
13-11-2019,HDFC,EQ,2234.55,2227.95,2231.95,2195.45,2207.45,2207.45,2217.78,2791867,6.19174E+14,113339,1860270,0.6663
14-11-2019,HDFC,EQ,2207.45,2207.9,2232.85,2190.2,2222.8,2226.8,2213.8,1953996,4.32575E+14,90409,936405,0.4792
15-11-2019,HDFC,EQ,2226.8,2220.1,2238.75,2208,2226,2224.05,2222.09,3346325,7.43584E+14,122637,2147793,0.6418
18-11-2019,HDFC,EQ,2224.05,2222.5,2240.85,2210,2239,2236.3,2225.34,2249585,5.0061E+14,116995,1428235,0.6349
19-11-2019,HDFC,EQ,2236.3,2235.6,2238.75,2202.2,2215.7,2212.1,2218.28,2916866,6.47042E+14,162909,1952597,0.6694
20-11-2019,HDFC,EQ,2212.1,2215,2221,2193.75,2196,2200.95,2207.67,1772677,3.91349E+14,124852,1045668,0.5899
21-11-2019,HDFC,EQ,2200.95,2202,2216,2186.2,2210.4,2210.35,2201.62,2679074,5.89832E+14,88844,1761797,0.6576
22-11-2019,HDFC,EQ,2210.35,2203,2240,2199.3,2240,2237.3,2225.04,2186207,4.86439E+14,113031,1253887,0.5735
25-11-2019,HDFC,EQ,2237.3,2244.75,2297,2227.4,2294,2294.55,2276.5,4535037,1.0324E+15,146311,2645375,0.5833
26-11-2019,HDFC,EQ,2294.55,2300,2320,2280.95,2298.8,2304.65,2305.93,8808006,2.03106E+15,169206,6526754,0.741
27-11-2019,HDFC,EQ,2304.65,2316,2352,2308.4,2336,2336.3,2331.64,5748946,1.34045E+15,225666,3625097,0.6306
28-11-2019,HDFC,EQ,2336.3,2339,2346,2295,2307.9,2309.75,2314.53,3668406,8.49063E+14,169400,2223552,0.6061
29-11-2019,HDFC,EQ,2309.75,2309.75,2316.35,2280.1,2296,2297.25,2292.8,3027045,6.9404E+14,165645,2097642,0.693
02-12-2019,HDFC,EQ,2297.25,2316,2316,2263.9,2306.65,2306.6,2298.6,4044191,9.29597E+14,117724,2762267,0.683
03-12-2019,HDFC,EQ,2306.6,2310.95,2325,2287.05,2321.9,2319.7,2307.07,2402354,5.54239E+14,81663,1298608,0.5406
04-12-2019,HDFC,EQ,2319.7,2311.2,2328.7,2286.4,2317,2322.4,2307.9,3205622,7.39824E+14,111579,1603856,0.5003
05-12-2019,HDFC,EQ,2322.4,2309.2,2333.55,2300,2321.25,2327.55,2319.06,2623207,6.08337E+14,128771,1552357,0.5918
06-12-2019,HDFC,EQ,2327.55,2326.5,2335,2246.45,2262,2264.65,2280.19,3440155,7.84422E+14,129457,2099384,0.6103
09-12-2019,HDFC,EQ,2264.65,2263.1,2315.45,2260.05,2308,2311.4,2292.63,3361967,7.70774E+14,114669,1958958,0.5827
10-12-2019,HDFC,EQ,2311.4,2318.5,2332.9,2288.15,2288.55,2295.15,2309.76,2693998,6.22249E+14,131809,1378062,0.5115
11-12-2019,HDFC,EQ,2295.15,2302,2328.25,2292.7,2320.15,2321.65,2308.79,2582138,5.96162E+14,119288,1546778,0.599
12-12-2019,HDFC,EQ,2321.65,2320.8,2327,2303,2317.25,2318.45,2314.22,2503363,5.79334E+14,91716,1613973,0.6447
13-12-2019,HDFC,EQ,2318.45,2330.7,2365.95,2318.1,2351.2,2354.5,2348.4,2557242,6.00543E+14,102389,1331980,0.5209
16-12-2019,HDFC,EQ,2354.5,2356,2384,2343,2375.95,2375.25,2371.46,3510250,8.32441E+14,138556,2348884,0.6692
17-12-2019,HDFC,EQ,2375.25,2365,2436.55,2359.4,2426.25,2430.1,2410.92,7277994,1.75467E+15,267937,5158504,0.7088
18-12-2019,HDFC,EQ,2430.1,2427,2459.3,2415.8,2443.5,2445.15,2442.95,5100244,1.24597E+15,199057,3091622,0.6062
19-12-2019,HDFC,EQ,2445.15,2432.1,2438.5,2405.65,2412.1,2411.9,2421.69,4116736,9.96944E+14,139731,2758224,0.67
20-12-2019,HDFC,EQ,2411.9,2415,2425,2378.15,2403.5,2404.1,2399.49,5053198,1.21251E+15,126134,3442746,0.6813
23-12-2019,HDFC,EQ,2404.1,2404,2433.8,2390,2432,2422.65,2410.86,1976677,4.76549E+14,83456,1141763,0.5776
24-12-2019,HDFC,EQ,2422.65,2420.6,2444.95,2402.95,2413,2412.75,2428.41,2813782,6.83302E+14,107009,1495885,0.5316
26-12-2019,HDFC,EQ,2412.75,2412.75,2433.35,2404.3,2416.6,2414.1,2418.84,1480323,3.58066E+14,62402,641756,0.4335
27-12-2019,HDFC,EQ,2414.1,2427,2449.55,2418.55,2443,2444.15,2439.89,2080901,5.07717E+14,63557,942274,0.4528
30-12-2019,HDFC,EQ,2444.15,2449,2450,2421.5,2440,2438.25,2432.8,1920751,4.6728E+14,65565,1146449,0.5969
31-12-2019,HDFC,EQ,2438.25,2433,2435,2406.55,2413.05,2412.55,2421.79,2260375,5.47415E+14,128103,1546057,0.684
01-01-2020,HDFC,EQ,2412.55,2418,2438.5,2409,2435.75,2433.95,2425.83,945874,2.29453E+14,29500,355005,0.3753
02-01-2020,HDFC,EQ,2433.95,2430,2472.75,2422,2469.9,2466.4,2450.7,1701396,4.16961E+14,74760,990649,0.5823
03-01-2020,HDFC,EQ,2466.4,2455,2466.4,2441.8,2452.05,2454.45,2451.88,1963923,4.8153E+14,92333,1260684,0.6419
06-01-2020,HDFC,EQ,2454.45,2428,2445,2371.4,2389.95,2384.1,2396.09,2656731,6.36576E+14,100147,1380849,0.5198
07-01-2020,HDFC,EQ,2384.1,2401.25,2428.8,2380.2,2420,2415.05,2406.92,3771992,9.07886E+14,127128,2163190,0.5735
08-01-2020,HDFC,EQ,2415.05,2387,2413,2385.5,2400,2406.15,2399.4,2147334,5.15232E+14,154324,1254440,0.5842
09-01-2020,HDFC,EQ,2406.15,2430,2462.7,2421.15,2454,2457.4,2444.29,3247323,7.9374E+14,93253,2172018,0.6689
10-01-2020,HDFC,EQ,2457.4,2465,2477.65,2440.3,2460,2457.55,2457.59,2082060,5.11685E+14,101887,1163753,0.5589
13-01-2020,HDFC,EQ,2457.55,2461.1,2471.05,2441,2461.5,2462.55,2452.05,3401754,8.34125E+14,114337,2463811,0.7243
14-01-2020,HDFC,EQ,2462.55,2463.65,2499.9,2446.6,2488.3,2492.3,2476.4,2549328,6.31316E+14,94187,1603409,0.629
15-01-2020,HDFC,EQ,2492.3,2483.95,2495,2453.55,2491.7,2488.6,2478.41,2279961,5.65068E+14,84002,1321926,0.5798
16-01-2020,HDFC,EQ,2488.6,2486,2495.75,2471.8,2481.45,2482.1,2483.17,1794295,4.45553E+14,93656,1105011,0.6158
17-01-2020,HDFC,EQ,2482.1,2467.75,2479,2448.25,2452.7,2453.95,2461.39,2250437,5.53921E+14,158586,1462820,0.65
20-01-2020,HDFC,EQ,2453.95,2474,2486.55,2440.4,2454.3,2454.35,2458.95,2274456,5.59277E+14,71888,1368222,0.6016
21-01-2020,HDFC,EQ,2454.35,2443,2485.9,2432,2465,2465.45,2460.71,2404025,5.9156E+14,72342,1420377,0.5908
22-01-2020,HDFC,EQ,2465.45,2474,2483.35,2412.2,2418,2416.6,2436.65,3356004,8.17741E+14,81156,2580610,0.769
23-01-2020,HDFC,EQ,2416.6,2422,2436.4,2404.35,2429,2428.4,2422.03,1812646,4.39029E+14,63207,948425,0.5232
24-01-2020,HDFC,EQ,2428.4,2423,2458.6,2411.4,2449.15,2450.75,2440.79,2178412,5.31704E+14,80669,1276489,0.586
27-01-2020,HDFC,EQ,2450.75,2433,2445,2388.5,2389.95,2395.8,2415.9,2543177,6.14407E+14,93233,1476587,0.5806
28-01-2020,HDFC,EQ,2395.8,2413,2471.7,2410,2433.4,2431.6,2444,6698252,1.63706E+15,282764,2905067,0.4337
29-01-2020,HDFC,EQ,2431.6,2446,2447.5,2400,2406.3,2404.25,2426.93,2692713,6.53501E+14,118940,1451777,0.5392
30-01-2020,HDFC,EQ,2404.25,2413,2428.7,2386.9,2411,2415,2412.56,2807667,6.77367E+14,162717,1555290,0.5539
31-01-2020,HDFC,EQ,2415,2417,2434.75,2404.5,2416.4,2414,2418.92,2828509,6.84195E+14,126462,1788372,0.6323
01-02-2020,HDFC,EQ,2414,2406,2422.7,2252.75,2262,2268.25,2327.26,3906937,9.09247E+14,132400,1950900,0.4993
03-02-2020,HDFC,EQ,2268.25,2250,2298.05,2228.2,2265,2259.75,2267.4,5220749,1.18375E+15,243016,3311123,0.6342
04-02-2020,HDFC,EQ,2259.75,2265.6,2351,2265.6,2344.4,2345.95,2322.43,3288687,7.63774E+14,114074,1760946,0.5355
05-02-2020,HDFC,EQ,2345.95,2345.55,2395.5,2326.2,2390.5,2391.65,2367.47,3244383,7.68098E+14,136750,2078655,0.6407
06-02-2020,HDFC,EQ,2391.65,2390,2447.8,2369.65,2433,2436.45,2417.21,3536393,8.54821E+14,155820,1755559,0.4964
07-02-2020,HDFC,EQ,2436.45,2428.1,2452.3,2398.35,2405,2405.65,2420.22,2193190,5.308E+14,98881,1297776,0.5917
10-02-2020,HDFC,EQ,2405.65,2405,2425.3,2391.05,2412.1,2414.3,2411.39,2056525,4.95908E+14,90906,1255535,0.6105
11-02-2020,HDFC,EQ,2414.3,2424.45,2441.75,2420.2,2436,2435.15,2432.03,1732762,4.21412E+14,93693,1155634,0.6669
12-02-2020,HDFC,EQ,2435.15,2449.5,2487,2427.9,2433,2437.6,2452.85,4173099,1.0236E+15,132455,2111629,0.506
13-02-2020,HDFC,EQ,2437.6,2426,2444.15,2399,2404,2403.65,2413.1,2280271,5.50253E+14,121230,1481701,0.6498
14-02-2020,HDFC,EQ,2403.65,2402,2425.85,2389.4,2400.25,2401.75,2403.91,2611510,6.27783E+14,122829,1543114,0.5909
17-02-2020,HDFC,EQ,2401.75,2401.75,2406.65,2345.15,2349.9,2350.25,2365,2398556,5.6726E+14,113614,1474533,0.6148
18-02-2020,HDFC,EQ,2350.25,2349,2349,2304,2324.05,2318.8,2320.71,2345063,5.44222E+14,126995,1323354,0.5643
19-02-2020,HDFC,EQ,2318.8,2343,2385,2330.05,2379,2377.25,2357.57,2088724,4.92432E+14,91408,1118695,0.5356
20-02-2020,HDFC,EQ,2377.25,2364,2377.5,2349.05,2368.5,2369.5,2365.67,3351611,7.9288E+14,146323,2315776,0.6909
24-02-2020,HDFC,EQ,2369.5,2355,2365.2,2280.1,2303.85,2292.3,2311.58,4238039,9.79656E+14,195151,2574530,0.6075
25-02-2020,HDFC,EQ,2292.3,2309,2320.75,2285,2307,2302.6,2305.4,3292922,7.59151E+14,131292,2162206,0.6566
26-02-2020,HDFC,EQ,2302.6,2278,2309.5,2253.55,2276.5,2281.45,2284.08,6163133,1.40771E+15,176704,4490066,0.7285
27-02-2020,HDFC,EQ,2281.45,2279.8,2289.6,2244.55,2265.95,2272.2,2270.66,3261885,7.40662E+14,192211,1936503,0.5937
28-02-2020,HDFC,EQ,2272.2,2228.55,2228.55,2162.3,2186,2175.75,2191.99,7715143,1.69115E+15,263271,5267783,0.6828
02-03-2020,HDFC,EQ,2175.75,2215,2248.35,2153.8,2183.7,2179.65,2208.23,3957634,8.73935E+14,169811,2193701,0.5543
03-03-2020,HDFC,EQ,2179.65,2201.7,2226.9,2173.3,2194.95,2191.4,2196.19,4229070,9.28785E+14,164672,2745809,0.6493
04-03-2020,HDFC,EQ,2191.4,2207,2216.6,2180.2,2209.1,2206.05,2200.31,4460096,9.81358E+14,149261,2831216,0.6348
05-03-2020,HDFC,EQ,2206.05,2206,2232.2,2183,2189,2195.05,2206.08,3916762,8.64068E+14,166673,2407536,0.6147
06-03-2020,HDFC,EQ,2195.05,2145,2145,2092.8,2109.5,2109.45,2112.92,5414446,1.14403E+15,206756,3731115,0.6891
09-03-2020,HDFC,EQ,2109.45,2067.3,2067.3,1981.2,2025.5,2027.9,2027.04,5051322,1.02392E+15,202229,3015302,0.5969
11-03-2020,HDFC,EQ,2027.9,1970,2073.85,1970,2040.35,2036.25,2039.08,6997019,1.42675E+15,235413,4299757,0.6145
12-03-2020,HDFC,EQ,2036.25,1990,1990,1861.1,1874.5,1875.7,1921.57,8837533,1.6982E+15,295321,5458700,0.6177
13-03-2020,HDFC,EQ,1875.7,1780.05,2123.7,1688.15,2072.65,2066.8,1967.57,14173637,2.78876E+15,335277,8509931,0.6004
16-03-2020,HDFC,EQ,2066.8,1964,1979.5,1825,1858,1841.75,1898.1,10672843,2.02581E+15,338858,6416705,0.6012
17-03-2020,HDFC,EQ,1841.75,1858.05,1869.9,1740,1755.85,1755.8,1805.32,6682574,1.20642E+15,257685,3706103,0.5546
18-03-2020,HDFC,EQ,1755.8,1771,1784.7,1602.4,1633.25,1622.55,1692.03,9070671,1.53479E+15,318627,5492454,0.6055
19-03-2020,HDFC,EQ,1622.55,1502.1,1703.95,1490.1,1620,1617.6,1582.02,11254232,1.78044E+15,382998,6175276,0.5487
20-03-2020,HDFC,EQ,1617.6,1624,1776.9,1535.2,1776.9,1753.95,1667.01,11377225,1.8966E+15,313895,5838882,0.5132
23-03-2020,HDFC,EQ,1753.95,1578.6,1673.25,1500,1520.7,1520.7,1588.03,9474584,1.50459E+15,289498,6374401,0.6728
24-03-2020,HDFC,EQ,1520.7,1554,1649.7,1473.45,1504.35,1505.1,1555.48,8900025,1.38438E+15,360837,4695602,0.5276
25-03-2020,HDFC,EQ,1505.1,1476,1655.6,1476,1655.6,1646.05,1573.18,10417560,1.63887E+15,311380,5877790,0.5642
26-03-2020,HDFC,EQ,1646.05,1689.5,1843.45,1671.2,1755,1733.25,1750.18,12104359,2.11848E+15,289135,6942634,0.5736
27-03-2020,HDFC,EQ,1733.25,1785.2,1849.65,1710.05,1755.45,1754,1778.98,9048464,1.6097E+15,254613,4214632,0.4658
30-03-2020,HDFC,EQ,1754,1667.3,1699,1548,1564,1558.75,1618.03,8670691,1.40294E+15,306298,4842592,0.5585
31-03-2020,HDFC,EQ,1558.75,1625,1666.55,1582,1625,1633.1,1622.46,10444821,1.69463E+15,310677,5680751,0.5439
01-04-2020,HDFC,EQ,1633.1,1645.5,1693.6,1575.9,1588,1583.5,1608.21,6752017,1.08587E+15,188955,3671959,0.5438
03-04-2020,HDFC,EQ,1583.5,1575.5,1578.8,1482.25,1499.75,1499.55,1512.61,10149442,1.53522E+15,342735,6541237,0.6445
07-04-2020,HDFC,EQ,1499.55,1574.7,1577.5,1517.6,1570,1555.15,1542.02,12307166,1.89779E+15,454758,8492621,0.6901
08-04-2020,HDFC,EQ,1555.15,1543.4,1692,1535,1560,1558.8,1604.88,8974987,1.44038E+15,230116,3614850,0.4028
09-04-2020,HDFC,EQ,1558.8,1587.7,1714.65,1587.5,1702,1703.1,1669.67,8572034,1.43125E+15,305756,4083131,0.4763
13-04-2020,HDFC,EQ,1703.1,1725,1763.75,1646.55,1662,1655.2,1680.31,7287804,1.22457E+15,285995,3048676,0.4183
15-04-2020,HDFC,EQ,1655.2,1708.5,1710,1584.9,1597,1596.3,1643.03,8512332,1.39861E+15,312431,4715988,0.554
16-04-2020,HDFC,EQ,1596.3,1590,1663.7,1575,1630,1625.75,1623.76,7892749,1.2816E+15,241563,3926467,0.4975
17-04-2020,HDFC,EQ,1625.75,1690,1738,1652.4,1680,1680.6,1688.58,8954559,1.51205E+15,325105,4149937,0.4634
20-04-2020,HDFC,EQ,1680.6,1709.8,1738,1673.4,1734,1727.7,1709.85,7372380,1.26057E+15,203023,3221821,0.437
21-04-2020,HDFC,EQ,1727.7,1670,1694.8,1651.1,1665,1669.7,1676.04,6604554,1.10695E+15,180701,3953408,0.5986
22-04-2020,HDFC,EQ,1669.7,1669.7,1679,1626.15,1670,1664.15,1659.27,5301750,8.79705E+14,192440,2838498,0.5354
23-04-2020,HDFC,EQ,1664.15,1674.9,1687,1651.6,1656,1663.45,1666.79,4419421,7.36626E+14,173378,2041299,0.4619
24-04-2020,HDFC,EQ,1663.45,1603,1624.95,1569.1,1588,1580.3,1599.71,7166440,1.14642E+15,298693,3978608,0.5552
27-04-2020,HDFC,EQ,1580.3,1618.1,1652.15,1585.35,1600.6,1591.45,1620.72,5719079,9.26902E+14,198621,2774951,0.4852
28-04-2020,HDFC,EQ,1591.45,1615.8,1725,1612.65,1724,1715.8,1671.93,7691600,1.28598E+15,233697,2681313,0.3486
29-04-2020,HDFC,EQ,1715.8,1734,1845,1726,1827.95,1836.75,1803.34,11881509,2.14264E+15,374646,4406672,0.3709
30-04-2020,HDFC,EQ,1836.75,1857,1927,1855.5,1916.15,1916,1894.76,8237079,1.56073E+15,279673,3479584,0.4224
04-05-2020,HDFC,EQ,1916,1856,1856,1708.3,1724.85,1724.35,1756.37,6040202,1.06088E+15,255869,2679817,0.4437
05-05-2020,HDFC,EQ,1724.35,1745,1769.5,1678,1697,1689.9,1723.19,7807204,1.34533E+15,248587,2826258,0.362
06-05-2020,HDFC,EQ,1689.9,1709,1777.55,1680,1735,1732.15,1736.02,8781437,1.52447E+15,250369,2262020,0.2576
07-05-2020,HDFC,EQ,1732.15,1730,1745.95,1697.65,1707,1703.9,1716.17,3349484,5.74829E+14,114586,1032727,0.3083
08-05-2020,HDFC,EQ,1703.9,1737,1742,1685,1689.75,1689.7,1705.93,4420831,7.54163E+14,129326,2051579,0.4641
11-05-2020,HDFC,EQ,1689.7,1712.5,1722,1652.1,1660,1658.45,1682.44,4677500,7.86962E+14,154839,2012191,0.4302
12-05-2020,HDFC,EQ,1658.45,1630,1682.8,1587.1,1671.9,1674.1,1626.65,7019332,1.1418E+15,244690,2637445,0.3757
13-05-2020,HDFC,EQ,1674.1,1747,1749.5,1698,1716,1712.75,1721.21,5734243,9.86985E+14,205554,2686117,0.4684
14-05-2020,HDFC,EQ,1712.75,1685,1693,1628.1,1636.2,1632.4,1656.59,5424770,8.9866E+14,201771,2535651,0.4674
15-05-2020,HDFC,EQ,1632.4,1649,1657.75,1609,1634,1633.8,1633.41,5610025,9.16346E+14,245689,2224768,0.3966
18-05-2020,HDFC,EQ,1633.8,1633.5,1637.65,1506.4,1518.55,1512.05,1552.96,8460262,1.31385E+15,326536,4313815,0.5099
19-05-2020,HDFC,EQ,1512.05,1570,1591.75,1512,1545,1539.85,1553.92,9261076,1.4391E+15,254429,4145022,0.4476
20-05-2020,HDFC,EQ,1539.85,1550,1640,1545,1634.5,1627,1587.9,6847043,1.08724E+15,236795,2673341,0.3904
21-05-2020,HDFC,EQ,1627,1632.9,1651.8,1590,1595,1597.3,1622.8,7056092,1.14506E+15,201899,3668591,0.5199
22-05-2020,HDFC,EQ,1597.3,1582,1596.7,1501.5,1515.85,1516.15,1530.24,12034389,1.84156E+15,388675,6249342,0.5193
26-05-2020,HDFC,EQ,1516.15,1516,1568.15,1486,1506.4,1502.15,1513.16,12752510,1.92966E+15,410460,6413212,0.5029
27-05-2020,HDFC,EQ,1502.15,1513,1578,1490,1570.55,1570.4,1534.78,12428432,1.90749E+15,387154,6420302,0.5166
28-05-2020,HDFC,EQ,1570.4,1580,1643.8,1577,1633,1623.7,1620.61,10262028,1.66307E+15,301812,4577838,0.4461
29-05-2020,HDFC,EQ,1623.7,1615.9,1676.35,1590.9,1667,1658.9,1639.09,13809103,2.26344E+15,365281,7019870,0.5084
01-06-2020,HDFC,EQ,1658.9,1706.6,1764.85,1701.3,1732,1737.7,1737.54,8056778,1.39989E+15,245505,3441571,0.4272
02-06-2020,HDFC,EQ,1737.7,1737.7,1822.35,1732.15,1817,1813.55,1781.74,8319067,1.48224E+15,263037,3920926,0.4713
03-06-2020,HDFC,EQ,1813.55,1835.2,1859.45,1823.1,1833,1835.65,1834.98,9490542,1.74149E+15,244160,5561104,0.586
04-06-2020,HDFC,EQ,1835.65,1815,1828.4,1759,1761.65,1764.3,1780.4,7617538,1.35623E+15,237971,3721623,0.4886
05-06-2020,HDFC,EQ,1764.3,1775,1788.95,1740.6,1775,1766.6,1765,6691738,1.18109E+15,188004,2751298,0.4111
08-06-2020,HDFC,EQ,1766.6,1801,1818.9,1748.35,1764,1760.8,1779.66,6209421,1.10507E+15,228341,2850499,0.4591
09-06-2020,HDFC,EQ,1760.8,1763.2,1826.75,1746,1771,1772.1,1783.01,9065372,1.61636E+15,217301,4587519,0.506
10-06-2020,HDFC,EQ,1772.1,1784,1820,1782,1810.55,1809.3,1799.91,4631195,8.33572E+14,193292,1667357,0.36
11-06-2020,HDFC,EQ,1809.3,1805,1826,1781.35,1790,1787.45,1798.66,5383998,9.68399E+14,185203,2136500,0.3968
12-06-2020,HDFC,EQ,1787.45,1710,1809,1710,1790,1792.2,1758.75,5936632,1.0441E+15,233124,2276907,0.3835
15-06-2020,HDFC,EQ,1792.2,1786.95,1805.25,1726,1752,1751.65,1752.2,5082387,8.90536E+14,179412,2185364,0.43
16-06-2020,HDFC,EQ,1751.65,1785,1834,1768.05,1820,1821.9,1810.53,7453412,1.34946E+15,246998,2260956,0.3033
17-06-2020,HDFC,EQ,1821.9,1819,1847.15,1786,1793.4,1794.65,1819.98,6816822,1.24065E+15,192356,2096323,0.3075
18-06-2020,HDFC,EQ,1794.65,1790,1869,1787.3,1847.5,1855.95,1830.89,5334835,9.7675E+14,189444,1702301,0.3191
19-06-2020,HDFC,EQ,1855.95,1854,1867.5,1814,1840.3,1835.1,1836.92,12199449,2.24094E+15,226788,5491173,0.4501
22-06-2020,HDFC,EQ,1835.1,1850.8,1874.2,1813.1,1820.5,1819.4,1838.07,4782899,8.79131E+14,179418,1646583,0.3443
23-06-2020,HDFC,EQ,1819.4,1820,1845,1803.05,1843.15,1838.1,1822.13,5043383,9.1897E+14,209547,768228,0.4153
24-06-2020,HDFC,EQ,1838.1,1825,1869,1788.6,1797.65,1797.75,1836.4,7029207,1.29085E+15,190784,3073015,0.4372
25-06-2020,HDFC,EQ,1797.75,1782.2,1811,1761.9,1775.95,1777.8,1786.92,5939864,1.06141E+15,206434,2192872,0.3692
26-06-2020,HDFC,EQ,1777.8,1793.85,1799.9,1752.4,1772,1769.35,1769.13,5731517,1.01398E+15,156336,2233127,0.3896
29-06-2020,HDFC,EQ,1769.35,1755,1775,1726.25,1742.75,1741.15,1738.95,3948941,6.86701E+14,116201,2033047,0.5148
30-06-2020,HDFC,EQ,1741.15,1751.15,1792.7,1747.2,1761,1754.65,1771.08,6325246,1.12025E+15,180511,2913361,0.4606
01-07-2020,HDFC,EQ,1754.65,1764,1844.8,1760.4,1836.8,1835.15,1814.94,6991685,1.26895E+15,227684,2657770,0.3801
02-07-2020,HDFC,EQ,1835.15,1852.95,1899,1842.6,1892.85,1889.45,1876.73,6480519,1.21622E+15,202734,2693464,0.4156
03-07-2020,HDFC,EQ,1889.45,1905.55,1908,1867.3,1883,1885.2,1884.9,4430264,8.35062E+14,150339,1589559,0.3588
06-07-2020,HDFC,EQ,1885.2,1903.25,1909.25,1864.55,1871.55,1868.7,1890.7,5073705,9.59286E+14,130366,2302588,0.4538
07-07-2020,HDFC,EQ,1868.7,1880,1892.35,1857,1883.85,1886.75,1880.18,4157365,7.81661E+14,132982,1900526,0.4571
08-07-2020,HDFC,EQ,1886.75,1895,1907,1871,1872,1886.05,1892.99,2885754,5.4627E+14,112635,1363265,0.4724
09-07-2020,HDFC,EQ,1886.05,1871.3,1947.9,1865,1944.5,1941.85,1929.5,6703324,1.2934E+15,174261,2533960,0.378
10-07-2020,HDFC,EQ,1941.85,1915,1931.9,1876.25,1888.5,1886,1899.85,3853348,7.32079E+14,153438,1503402,0.3902
13-07-2020,HDFC,EQ,1886,1905,1907.2,1840,1853.65,1845.55,1862.45,3403604,6.33906E+14,163322,1301324,0.3823
14-07-2020,HDFC,EQ,1845.55,1825,1825.3,1770.5,1793.1,1791.6,1792.02,5529793,9.90953E+14,212015,2344446,0.424
15-07-2020,HDFC,EQ,1791.6,1809,1821.9,1782,1797,1789.9,1803.21,3994980,7.20377E+14,147688,1893738,0.474
16-07-2020,HDFC,EQ,1789.9,1792,1794.7,1750,1790,1787.8,1774.16,4230162,7.50498E+14,154071,1932130,0.4568
17-07-2020,HDFC,EQ,1787.8,1800,1821.95,1784.05,1812.05,1805.85,1806.59,4240987,7.66174E+14,113416,1907129,0.4497
20-07-2020,HDFC,EQ,1805.85,1844,1844,1801,1804.05,1806.05,1816.19,3915997,7.11218E+14,142802,1566257,0.4
21-07-2020,HDFC,EQ,1806.05,1816.5,1900.95,1815,1887,1883.65,1869.58,6884035,1.28703E+15,236947,2441562,0.3547
22-07-2020,HDFC,EQ,1883.65,1895.5,1898.95,1851.5,1897.7,1881.05,1872.11,5538884,1.03694E+15,199916,2993093,0.5404
23-07-2020,HDFC,EQ,1881.05,1881.05,1910,1871.6,1872.25,1875.8,1891.88,3647242,6.90016E+14,121783,1383497,0.3793
24-07-2020,HDFC,EQ,1875.8,1854,1857.8,1817,1841,1841.3,1834.05,3309356,6.06953E+14,148129,1143925,0.3457
27-07-2020,HDFC,EQ,1841.3,1841.3,1861.95,1824,1853,1850.75,1842.36,3724639,6.86213E+14,166745,1718505,0.4614
28-07-2020,HDFC,EQ,1850.75,1859.35,1907,1844.5,1892,1897.35,1876.95,4346193,8.15757E+14,175005,2221432,0.5111
29-07-2020,HDFC,EQ,1897.35,1885,1918.5,1867.2,1879.65,1877.3,1890.21,7413828,1.40137E+15,202540,4500440,0.607
30-07-2020,HDFC,EQ,1877.3,1880,1900.7,1804,1804.95,1810.65,1848.21,7473426,1.38125E+15,243718,2500083,0.3345
31-07-2020,HDFC,EQ,1810.65,1805,1811.2,1759,1786.5,1781.95,1783.75,7746014,1.3817E+15,234358,3017062,0.3895
03-08-2020,HDFC,EQ,1781.95,1781,1781.95,1730.1,1744,1739.8,1756.06,4648927,8.16381E+14,199001,2400935,0.5164
04-08-2020,HDFC,EQ,1739.8,1749,1794.45,1743.4,1783.85,1781.1,1773.16,4722583,8.37387E+14,201026,2186015,0.4629
05-08-2020,HDFC,EQ,1781.1,1784.4,1811.5,1766.25,1780,1776.7,1787.48,5576455,9.96778E+14,166848,2552512,0.4577
06-08-2020,HDFC,EQ,1776.7,1798.25,1805.7,1762.05,1778.45,1783.75,1784.36,6004624,1.07144E+15,169297,2640217,0.4397
07-08-2020,HDFC,EQ,1783.75,1774.95,1781.8,1763,1779.9,1777.7,1773.89,5129995,9.10005E+14,146649,3082806,0.6009
10-08-2020,HDFC,EQ,1777.7,1794,1811,1789.3,1796.6,1798.95,1800.45,3030917,5.45702E+14,102333,1519312,0.5013
11-08-2020,HDFC,EQ,1798.95,1813,1846.75,1810.5,1829,1826.75,1834.41,4944312,9.06991E+14,167219,2587133,0.5233
12-08-2020,HDFC,EQ,1826.75,1825.75,1837.7,1802,1821,1814.2,1820.21,3606317,6.56425E+14,129657,1935742,0.5368
13-08-2020,HDFC,EQ,1814.2,1818.5,1823.65,1799.55,1810,1804.85,1807.52,3769538,6.8135E+14,129725,2218181,0.5884
14-08-2020,HDFC,EQ,1804.85,1818.6,1823.75,1773.25,1793.75,1791.7,1796.65,6136766,1.10256E+15,186319,3852136,0.6277
17-08-2020,HDFC,EQ,1791.7,1805,1807.85,1783.85,1801.95,1800.55,1795.17,4076960,7.31883E+14,148103,2699991,0.6623
18-08-2020,HDFC,EQ,1800.55,1801.1,1825.4,1795.95,1819.05,1820.7,1813.53,3413536,6.19055E+14,141811,1913561,0.5606
19-08-2020,HDFC,EQ,1820.7,1835,1835.9,1818.05,1827.55,1827.95,1828.01,2934730,5.36471E+14,85358,1671178,0.5694
20-08-2020,HDFC,EQ,1827.95,1803,1807.95,1782.25,1786.2,1785.15,1792.46,2702815,4.84469E+14,108995,1101100,0.4074
21-08-2020,HDFC,EQ,1785.15,1800,1824.7,1787.15,1803,1804.05,1808.25,3466213,6.26778E+14,103783,1513322,0.4366
24-08-2020,HDFC,EQ,1804.05,1814.95,1849,1811,1828.1,1829.85,1834.18,3816127,6.99945E+14,124182,1744755,0.4572
25-08-2020,HDFC,EQ,1829.85,1843.75,1852.4,1817.05,1831.4,1829.6,1834.86,2646159,4.85532E+14,111918,1044629,0.3948
26-08-2020,HDFC,EQ,1829.6,1837,1837.8,1803.6,1810.75,1816,1816.89,3187424,5.7912E+14,122481,1609579,0.505
27-08-2020,HDFC,EQ,1816,1832,1883,1830,1863.5,1864.1,1864.76,8648531,1.61274E+15,256931,3892406,0.4501
28-08-2020,HDFC,EQ,1864.1,1871,1889,1862.8,1881,1883.25,1879.87,4903981,9.21886E+14,167080,2547535,0.5195
31-08-2020,HDFC,EQ,1883.25,1898.5,1921.9,1797.55,1825,1832.6,1852.71,7604691,1.40893E+15,225537,3496941,0.4598
01-09-2020,HDFC,EQ,1832.6,1858,1884,1831.85,1850.95,1851.2,1856.63,3793458,7.04306E+14,119717,1657285,0.4369
02-09-2020,HDFC,EQ,1851.2,1849.85,1849.95,1810,1829.5,1827.2,1827.63,4235148,7.74028E+14,145879,2189760,0.517
03-09-2020,HDFC,EQ,1827.2,1831,1842.8,1803.45,1811.25,1808.75,1818.65,3350617,6.0936E+14,143556,1860874,0.5554
04-09-2020,HDFC,EQ,1808.75,1783.6,1789,1761.8,1771,1769.7,1774.11,4214148,7.47635E+14,168917,2187135,0.519
07-09-2020,HDFC,EQ,1769.7,1773,1801.45,1760,1790.1,1791.1,1784.97,4073465,7.27102E+14,147215,1604275,0.3938
08-09-2020,HDFC,EQ,1791.1,1785.1,1793.25,1770.8,1775.35,1777.3,1782.9,2456321,4.37938E+14,126617,1104446,0.4496
09-09-2020,HDFC,EQ,1777.3,1759.55,1777.9,1755,1763.5,1760.75,1761.89,2509630,4.42169E+14,111531,1287217,0.5129
10-09-2020,HDFC,EQ,1760.75,1781,1792.95,1760,1770.5,1777.45,1774.76,3245630,5.7602E+14,118585,1643387,0.5063
11-09-2020,HDFC,EQ,1777.45,1771,1786,1760,1765.05,1768.15,1768.63,2232185,3.94791E+14,89221,1089424,0.4881
14-09-2020,HDFC,EQ,1768.15,1781,1796.85,1728.4,1736.05,1738,1759.24,4061493,7.14513E+14,168602,2125122,0.5232
15-09-2020,HDFC,EQ,1738,1754.9,1777,1742.8,1763,1758.75,1760.23,3159537,5.56151E+14,109456,1313661,0.4158
16-09-2020,HDFC,EQ,1758.75,1766,1774.7,1743.45,1768,1768.15,1759.83,2592551,4.56244E+14,108625,1195298,0.4611
17-09-2020,HDFC,EQ,1768.15,1750,1773.2,1736.5,1749,1744.35,1749.72,3191905,5.58493E+14,127780,1681077,0.5267
18-09-2020,HDFC,EQ,1744.35,1752.9,1754.75,1708.3,1732.6,1724,1730.17,5642506,9.76252E+14,179497,3398976,0.6024
21-09-2020,HDFC,EQ,1724,1722.8,1738.75,1701.85,1707.75,1708.15,1723.01,3174505,5.4697E+14,130442,1393352,0.4389
22-09-2020,HDFC,EQ,1708.15,1716.25,1716.25,1672,1676.4,1674.85,1686.53,3615745,6.09806E+14,178315,1683578,0.4656
23-09-2020,HDFC,EQ,1674.85,1694,1696.65,1650.4,1667,1667.1,1673.26,4803637,8.03772E+14,200608,2480737,0.5164
24-09-2020,HDFC,EQ,1667.1,1646.8,1654.15,1623,1636.25,1636.85,1637.34,5673754,9.28986E+14,197468,3616243,0.6374
25-09-2020,HDFC,EQ,1636.85,1651.95,1657.8,1628.1,1652.75,1652,1645.77,4046773,6.66006E+14,134783,2124259,0.5249
28-09-2020,HDFC,EQ,1652,1672.9,1692.6,1658,1685,1681.45,1678.77,2739071,4.59826E+14,105938,1386203,0.5061
29-09-2020,HDFC,EQ,1681.45,1692,1720,1682.1,1712.65,1713.1,1701.62,3696138,6.28941E+14,143476,2122646,0.5743
30-09-2020,HDFC,EQ,1713.1,1716.9,1744.25,1703.2,1733,1740.05,1728.35,3594715,6.21293E+14,170194,2067861,0.5753
01-10-2020,HDFC,EQ,1740.05,1755,1799.85,1750,1787.8,1790.65,1784.49,3706206,6.61368E+14,126251,2061655,0.5563
05-10-2020,HDFC,EQ,1790.65,1784,1816.5,1775.7,1782.35,1785.1,1799.82,4056801,7.3015E+14,184302,2232184,0.5502
06-10-2020,HDFC,EQ,1785.1,1803.15,1943.7,1803.15,1920,1934.4,1896.91,16829628,3.19243E+15,538170,6898727,0.4099
07-10-2020,HDFC,EQ,1934.4,1945,1964.85,1908.85,1952,1948.75,1941.72,7038044,1.36659E+15,249998,3070679,0.4363
08-10-2020,HDFC,EQ,1948.75,1952.5,1988.45,1938.5,1947.8,1949.25,1965.11,4589506,9.0189E+14,200847,2136183,0.4654
09-10-2020,HDFC,EQ,1949.25,1945,2029.85,1938,1966,1957.65,1987.39,10848230,2.15597E+15,324810,4276466,0.3942
12-10-2020,HDFC,EQ,1957.65,1965,1998.95,1942.3,1963.95,1965.4,1967.77,3651557,7.18543E+14,138149,1053568,0.2885
13-10-2020,HDFC,EQ,1965.4,1962,1986.65,1930.55,1939,1943.4,1955.06,3351027,6.55147E+14,136009,1305139,0.3895
14-10-2020,HDFC,EQ,1943.4,1935,1989,1919.05,1978.1,1979.85,1950.1,3108218,6.06133E+14,117744,1014216,0.3263
15-10-2020,HDFC,EQ,1979.85,1983,2020,1938.25,1947.05,1947.2,1983.18,5170267,1.02536E+15,185795,1947869,0.3767
16-10-2020,HDFC,EQ,1947.2,1948.4,1983.7,1939.35,1958.6,1961.7,1959.14,3238617,6.3449E+14,131973,1233662,0.3809
19-10-2020,HDFC,EQ,1961.7,1985,2039.9,1983.1,2033.25,2031.5,2020.74,6591617,1.332E+15,188322,2827799,0.429
20-10-2020,HDFC,EQ,2031.5,2025,2041.7,2004.05,2017.1,2015.3,2021.91,4733065,9.56981E+14,188405,2586459,0.5465
21-10-2020,HDFC,EQ,2015.3,2030,2067.45,2005.35,2045.8,2048.75,2047.11,8166501,1.67177E+15,223144,4846082,0.5934
22-10-2020,HDFC,EQ,2048.75,2038.3,2063,2023.15,2046,2042.55,2042.61,5030745,1.02759E+15,220748,2504787,0.4979
23-10-2020,HDFC,EQ,2042.55,2056,2067.9,2046,2062.75,2059.7,2055.96,3573911,7.34782E+14,127950,2027860,0.5674
26-10-2020,HDFC,EQ,2059.7,2058,2083.95,2052.75,2073,2073.35,2069.01,4927520,1.01951E+15,148814,2856064,0.5796
27-10-2020,HDFC,EQ,2073.35,2056,2064.8,2027,2029.75,2041.35,2050.39,4468948,9.16307E+14,175630,2728844,0.6106
28-10-2020,HDFC,EQ,2041.35,2045,2045,1965,1969.1,1968.9,1985.57,4636738,9.20656E+14,238018,2311729,0.4986
29-10-2020,HDFC,EQ,1968.9,1941.25,1970,1927.3,1937.55,1934.3,1947.27,3463664,6.74469E+14,194216,1791837,0.5173
30-10-2020,HDFC,EQ,1934.3,1930,1947,1906.85,1921,1923.55,1925.59,4322115,8.32261E+14,162226,2176136,0.5035
02-11-2020,HDFC,EQ,1923.55,1916,2065,1916,2022.3,2040.8,1994.92,7635981,1.52331E+15,266011,3140528,0.4113
03-11-2020,HDFC,EQ,2040.8,2030,2139.65,2030,2121.35,2130.95,2103.77,8905106,1.87343E+15,328061,3091156,0.3471
04-11-2020,HDFC,EQ,2130.95,2111.1,2134.95,2056.4,2085,2088.2,2091.7,5214238,1.09066E+15,228842,2416866,0.4635
05-11-2020,HDFC,EQ,2088.2,2106,2120,2084.3,2102.3,2100.7,2099.14,4117187,8.64254E+14,158099,2165140,0.5259
06-11-2020,HDFC,EQ,2100.7,2110,2145,2102.45,2136.35,2138.45,2126.85,4607710,9.79992E+14,153460,2123753,0.4609
09-11-2020,HDFC,EQ,2138.45,2150,2169.95,2138.2,2156,2152.1,2154.09,3529739,7.60338E+14,107244,1876531,0.5316
10-11-2020,HDFC,EQ,2152.1,2185,2288.8,2175.55,2268.95,2272.1,2246.62,8512622,1.91247E+15,316631,4697875,0.5519
11-11-2020,HDFC,EQ,2272.1,2279,2337,2273,2318,2324.3,2307.35,7235313,1.66944E+15,205390,3845734,0.5315
12-11-2020,HDFC,EQ,2324.3,2297.25,2343.8,2267.45,2326.05,2332.1,2300.57,6398213,1.47195E+15,225111,3447627,0.5388
13-11-2020,HDFC,EQ,2332.1,2320,2323.3,2284,2306.7,2306.75,2304.09,3999928,9.21618E+14,130409,2138669,0.5347
14-11-2020,HDFC,EQ,2306.75,2320,2329.35,2304,2312.6,2311.25,2314.53,374286,8.66294E+13,19227,86038,0.2299
17-11-2020,HDFC,EQ,2311.25,2339.9,2364.75,2307.4,2344.85,2349,2332.31,7393052,1.72429E+15,173799,4613099,0.624
18-11-2020,HDFC,EQ,2349,2336.7,2369.4,2320.3,2360,2364.9,2348.24,4344487,1.02019E+15,151565,2531428,0.5827
19-11-2020,HDFC,EQ,2364.9,2336,2351.9,2311,2327.5,2324.6,2327.23,6936896,1.61437E+15,160110,4960266,0.7151
20-11-2020,HDFC,EQ,2324.6,2330,2386.55,2326.55,2329,2334.8,2349.94,5321688,1.25057E+15,159247,2546443,0.4785
23-11-2020,HDFC,EQ,2334.8,2344.2,2347.85,2230.1,2253.05,2250.8,2266.43,6995598,1.5855E+15,218301,3547873,0.5072
24-11-2020,HDFC,EQ,2250.8,2272.25,2272.25,2209.55,2220,2217.7,2232.36,4945274,1.10396E+15,205979,2659204,0.5377
25-11-2020,HDFC,EQ,2217.7,2228,2252.15,2179.3,2186.8,2191.35,2210.08,6150483,1.35931E+15,217608,3048448,0.4956
26-11-2020,HDFC,EQ,2191.35,2197.15,2245,2187.65,2242.7,2238.4,2215.19,5026304,1.11342E+15,208269,2466256,0.4907
27-11-2020,HDFC,EQ,2238.4,2240,2272.45,2202.2,2238,2256.25,2239.94,10179511,2.28015E+15,213049,6246018,0.6136
01-12-2020,HDFC,EQ,2256.25,2237,2324,2217.65,2296.2,2306.95,2283.03,7031670,1.60535E+15,236556,4245815,0.6038
02-12-2020,HDFC,EQ,2306.95,2300,2304,2252.5,2274,2276.35,2276.62,3191550,7.26596E+14,148812,1844122,0.5778
03-12-2020,HDFC,EQ,2276.35,2287,2289.45,2235,2252.75,2253.95,2257.07,4528707,1.02216E+15,157122,2687193,0.5934
04-12-2020,HDFC,EQ,2253.95,2253.95,2284.9,2231.6,2247.2,2245.9,2253.16,3245440,7.31249E+14,127080,1774185,0.5467
07-12-2020,HDFC,EQ,2245.9,2240,2309.7,2221.2,2303,2303.8,2281.8,4910736,1.12053E+15,191036,3028280,0.6167
08-12-2020,HDFC,EQ,2303.8,2315,2340,2292.05,2309,2309.75,2315.55,5262959,1.21867E+15,162017,2941614,0.5589
09-12-2020,HDFC,EQ,2309.75,2318,2334.65,2280.6,2306,2306.7,2308.51,3302661,7.62423E+14,114133,1664084,0.5039
10-12-2020,HDFC,EQ,2306.7,2300,2303,2267,2289.8,2289.1,2282.42,2545081,5.80894E+14,100245,1419898,0.5579
11-12-2020,HDFC,EQ,2289.1,2307,2317.7,2272,2297,2295.9,2295.63,4577813,1.05089E+15,143063,2921190,0.6381
14-12-2020,HDFC,EQ,2295.9,2306.7,2315.65,2270.55,2300.55,2302.65,2292.85,3160235,7.24593E+14,130954,1884770,0.5964
15-12-2020,HDFC,EQ,2302.65,2290.5,2357.4,2282.7,2350.35,2350.35,2331.88,5056502,1.17912E+15,181471,2731007,0.5401
16-12-2020,HDFC,EQ,2350.35,2377.95,2443.4,2365.5,2415,2424.65,2405.35,6532346,1.57126E+15,215995,3207571,0.491
17-12-2020,HDFC,EQ,2424.65,2434.9,2509,2420.15,2490.1,2494.6,2475.38,7379515,1.82671E+15,216960,4245187,0.5753
18-12-2020,HDFC,EQ,2494.6,2482,2489,2431,2472.8,2479.4,2459.71,4189517,1.0305E+15,154155,2176013,0.5194
21-12-2020,HDFC,EQ,2479.4,2468,2478.95,2370.45,2404.45,2414.8,2442.5,3573982,8.72945E+14,136935,1604253,0.4489
22-12-2020,HDFC,EQ,2414.8,2415,2439.9,2360.5,2398.5,2403.65,2397.12,4832004,1.15829E+15,162100,2351068,0.4866
23-12-2020,HDFC,EQ,2403.65,2398,2419.65,2376.75,2405.9,2403.05,2393.1,2605828,6.23601E+14,102506,1227200,0.4709
24-12-2020,HDFC,EQ,2403.05,2417,2464.65,2411.05,2451.85,2455.15,2441.15,2723426,6.6483E+14,90401,1164270,0.4275
28-12-2020,HDFC,EQ,2455.15,2467,2485,2436.6,2485,2476.45,2460.41,2085391,5.13092E+14,67694,889141,0.4264
29-12-2020,HDFC,EQ,2476.45,2480,2530,2480,2511,2518.95,2513.8,4490464,1.12881E+15,162376,2226857,0.4959
30-12-2020,HDFC,EQ,2518.95,2518.95,2525,2483,2521.7,2518.05,2502.78,2902423,7.26413E+14,105288,1494677,0.515
31-12-2020,HDFC,EQ,2518.05,2518.7,2575,2504.4,2549.95,2558.65,2556.76,4956399,1.26723E+15,147144,2102976,0.4243
01-01-2021,HDFC,EQ,2558.65,2549,2593.3,2541.15,2565,2568.75,2574.95,2054108,5.28922E+14,77982,564766,0.2749
04-01-2021,HDFC,EQ,2568.75,2576.9,2592.35,2533.15,2579,2578.5,2568.41,2795972,7.18119E+14,99023,1419319,0.5076
05-01-2021,HDFC,EQ,2578.5,2589,2659.45,2572.4,2654.95,2651.85,2631.43,5870743,1.54484E+15,191487,3136561,0.5343
06-01-2021,HDFC,EQ,2651.85,2664.7,2665,2619,2631,2638.85,2642.51,3401085,8.98739E+14,126726,1679728,0.4939
07-01-2021,HDFC,EQ,2638.85,2670,2709.35,2647.4,2653.45,2661.35,2680.83,4106042,1.10076E+15,183933,2215445,0.5396
08-01-2021,HDFC,EQ,2661.35,2668,2674.4,2631,2657.65,2657.5,2646.97,4497042,1.19035E+15,129843,2430085,0.5404
11-01-2021,HDFC,EQ,2657.5,2680,2762,2666.75,2747.1,2751.2,2719.37,5939812,1.61525E+15,146148,3730773,0.6281
12-01-2021,HDFC,EQ,2751.2,2738,2760,2719,2750,2747.55,2736.57,3412213,9.33775E+14,143428,1944551,0.5699
13-01-2021,HDFC,EQ,2747.55,2760.45,2777.15,2651.1,2672,2670.9,2697.06,5582165,1.50554E+15,220680,3127974,0.5604
14-01-2021,HDFC,EQ,2670.9,2670,2699,2647.15,2681.1,2684.05,2671.94,4253567,1.13653E+15,161894,2732578,0.6424
15-01-2021,HDFC,EQ,2684.05,2661,2688.45,2615.6,2635,2632.75,2645.58,2582955,6.8334E+14,119439,1262664,0.4888
18-01-2021,HDFC,EQ,2632.75,2645.95,2647.4,2550,2569.4,2566.5,2580.07,5154593,1.32992E+15,194019,3245275,0.6296
19-01-2021,HDFC,EQ,2566.5,2585,2680.8,2575,2651.05,2656.95,2630.4,3569359,9.38884E+14,137748,1825932,0.5116
20-01-2021,HDFC,EQ,2656.95,2666,2711.9,2622.6,2673,2688.15,2665.86,5771114,1.5385E+15,186407,3256961,0.5644
21-01-2021,HDFC,EQ,2688.15,2687.95,2698,2641.25,2671,2663,2669.14,3200138,8.54161E+14,144444,1753076,0.5478
22-01-2021,HDFC,EQ,2663,2669,2678.75,2583.05,2589.95,2589.45,2623.61,5013872,1.31544E+15,182520,3009692,0.6003
25-01-2021,HDFC,EQ,2589.45,2630.45,2670,2543,2560,2551.4,2611.45,7761405,2.02685E+15,242397,5387037,0.6941
27-01-2021,HDFC,EQ,2551.4,2546.3,2546.3,2458.25,2470,2467,2494.96,4858346,1.21214E+15,224331,2961607,0.6096
28-01-2021,HDFC,EQ,2467,2430.1,2454,2395.25,2431.5,2425.75,2424.38,5282970,1.28079E+15,206977,2821927,0.5342
29-01-2021,HDFC,EQ,2425.75,2450,2460,2364.6,2378,2377.8,2413.14,7347695,1.7731E+15,217055,5178831,0.7048
01-02-2021,HDFC,EQ,2377.8,2402.7,2602.1,2391.85,2580,2579.25,2497.4,7106502,1.77478E+15,313341,3471229,0.4885
02-02-2021,HDFC,EQ,2579.25,2625,2762.95,2612,2658.7,2659,2702.44,9253486,2.5007E+15,341033,4668522,0.5045
03-02-2021,HDFC,EQ,2659,2695,2734.5,2618,2702.95,2703.55,2687.61,4782433,1.28533E+15,200284,2070316,0.4329
04-02-2021,HDFC,EQ,2703.55,2740.4,2742,2659,2707,2707.75,2696.8,4108174,1.10789E+15,166227,2235298,0.5441
05-02-2021,HDFC,EQ,2707.75,2724.5,2767.8,2696.2,2721,2721.5,2730.71,4575345,1.24939E+15,185133,2285725,0.4996
08-02-2021,HDFC,EQ,2721.5,2765,2765,2711.1,2735.1,2733.35,2734.19,3807824,1.04113E+15,164151,2156322,0.5663
09-02-2021,HDFC,EQ,2733.35,2760,2784,2710.45,2745,2747.05,2746.69,5586584,1.53446E+15,156091,3508869,0.6281
10-02-2021,HDFC,EQ,2747.05,2745.95,2780,2739.2,2777.2,2767.1,2764.2,5602915,1.54876E+15,166441,3654412,0.6522
11-02-2021,HDFC,EQ,2767.1,2744.1,2767.6,2737.45,2753.4,2760.6,2752.05,1935639,5.32697E+14,111377,928558,0.4797
12-02-2021,HDFC,EQ,2760.6,2746,2809,2735.6,2789,2791.5,2781.64,2921180,8.12566E+14,116778,1204874,0.4125
15-02-2021,HDFC,EQ,2791.5,2819,2868,2805,2861.55,2860.45,2847.59,2847445,8.10835E+14,119073,1185254,0.4163
16-02-2021,HDFC,EQ,2860.45,2871,2896,2838,2853.85,2858.65,2867.92,2295100,6.58217E+14,103353,1079585,0.4704
17-02-2021,HDFC,EQ,2858.65,2850.25,2856.6,2787.85,2797.55,2805.35,2814.04,2874649,8.08937E+14,105039,1410603,0.4907
18-02-2021,HDFC,EQ,2805.35,2800,2806,2730.1,2750,2745.15,2758.03,2937262,8.10105E+14,131354,1449307,0.4934
19-02-2021,HDFC,EQ,2745.15,2725,2765,2714.15,2740,2741.3,2740.19,2275146,6.23433E+14,118178,923508,0.4059
22-02-2021,HDFC,EQ,2741.3,2741.3,2741.3,2638.15,2655,2651.95,2674.85,4090709,1.0942E+15,155641,2347706,0.5739
23-02-2021,HDFC,EQ,2651.95,2670.35,2677.9,2621,2629,2628.6,2640.44,3022925,7.98184E+14,134497,1511645,0.5001
24-02-2021,HDFC,EQ,2628.6,2610.1,2723,2610.1,2709,2707.75,2655.41,2950645,7.83518E+14,102500,1722253,0.5837
25-02-2021,HDFC,EQ,2707.75,2718.5,2739,2677,2687,2684.7,2702.59,4758112,1.28592E+15,144627,3314463,0.6966
26-02-2021,HDFC,EQ,2684.7,2631.05,2631.05,2520,2539.9,2539.4,2561.29,8771431,2.24661E+15,288790,5324357,0.607
01-03-2021,HDFC,EQ,2539.4,2556,2614.6,2548.6,2610,2606,2588.58,3595993,9.30853E+14,134145,2059491,0.5727
02-03-2021,HDFC,EQ,2606,2615,2615,2541.4,2575,2564,2567.14,4086134,1.04897E+15,162290,2300989,0.5631
03-03-2021,HDFC,EQ,2564,2608.9,2664.15,2592.15,2654.85,2654.9,2626.73,5640063,1.48149E+15,133676,3446930,0.6112
04-03-2021,HDFC,EQ,2654.9,2610,2610,2568,2584.9,2582.95,2584.28,5315682,1.37372E+15,235030,3086674,0.5807
05-03-2021,HDFC,EQ,2582.95,2573.6,2579.9,2523.5,2546.9,2543.9,2551.4,4254126,1.0854E+15,171484,2157972,0.5073
08-03-2021,HDFC,EQ,2543.9,2555.05,2560,2505.4,2512,2510.25,2525.59,2179821,5.50533E+14,114119,1057347,0.4851
09-03-2021,HDFC,EQ,2510.25,2513.1,2584.4,2513.1,2578,2577.3,2559.34,2877662,7.36493E+14,122151,1168277,0.406
10-03-2021,HDFC,EQ,2577.3,2590.4,2609.4,2580.6,2600,2599.8,2596.55,2569360,6.67147E+14,102150,1462427,0.5692
12-03-2021,HDFC,EQ,2599.8,2662,2667.95,2556.35,2568,2568,2607.61,3487185,9.09322E+14,135588,2120223,0.608
15-03-2021,HDFC,EQ,2568,2565,2568,2496.05,2532.9,2535.5,2521.26,2905477,7.32547E+14,143612,1595346,0.5491
16-03-2021,HDFC,EQ,2535.5,2556.5,2562.65,2503,2517.5,2510.4,2529.62,2446483,6.18868E+14,140833,1368255,0.5593
17-03-2021,HDFC,EQ,2510.4,2509.1,2542,2502.75,2510,2515.55,2520.91,3362442,8.47641E+14,109845,1882530,0.5599
18-03-2021,HDFC,EQ,2515.55,2549,2561.45,2501,2507.8,2514.6,2528.95,3460891,8.75242E+14,147535,1933529,0.5587
19-03-2021,HDFC,EQ,2514.6,2486,2567,2481.7,2525.4,2531.65,2523.88,5277763,1.33204E+15,122261,2701241,0.5118
22-03-2021,HDFC,EQ,2531.65,2530.1,2547.35,2485,2536.2,2531.85,2516.21,3367784,8.47407E+14,118982,1871941,0.5558
23-03-2021,HDFC,EQ,2531.85,2531,2541.35,2492.1,2512.3,2509.9,2512.86,3980896,1.00034E+15,170520,2450626,0.6156
24-03-2021,HDFC,EQ,2509.9,2484.85,2503.5,2446.7,2465,2465.75,2470.25,3165420,7.81938E+14,146395,1600981,0.5058
25-03-2021,HDFC,EQ,2465.75,2488,2491.6,2431.1,2478,2470.75,2456.22,4759214,1.16897E+15,196107,2734430,0.5746
26-03-2021,HDFC,EQ,2470.75,2506.75,2548,2491.2,2529,2532.75,2524.28,3272534,8.26079E+14,144477,1739269,0.5315
30-03-2021,HDFC,EQ,2532.75,2569.3,2617,2555.25,2609.95,2605.65,2592.39,4349089,1.12745E+15,150693,2737671,0.6295
31-03-2021,HDFC,EQ,2605.65,2599.6,2599.6,2490,2504.05,2498.1,2514.9,5492619,1.38134E+15,236093,3336573,0.6075
01-04-2021,HDFC,EQ,2498.1,2524,2536.95,2480,2530,2531.45,2513.49,2621437,6.58895E+14,103602,1145037,0.4368
05-04-2021,HDFC,EQ,2531.45,2530,2531,2413,2448,2445.85,2448.25,3353567,8.21038E+14,211024,1668964,0.4977
06-04-2021,HDFC,EQ,2445.85,2470.3,2486.85,2435.35,2478.15,2472.3,2468.06,2882606,7.11446E+14,128916,1619826,0.5619
07-04-2021,HDFC,EQ,2472.3,2489,2507.8,2457,2478.8,2482.7,2485.1,3511527,8.7265E+14,134963,2078408,0.5919
08-04-2021,HDFC,EQ,2482.7,2495,2530.9,2485.75,2502.45,2502.55,2514.01,2510746,6.31205E+14,101341,1424452,0.5673
09-04-2021,HDFC,EQ,2502.55,2522,2556,2492.3,2515.7,2513.9,2517.57,3234017,8.14186E+14,97618,1998441,0.6179
12-04-2021,HDFC,EQ,2513.9,2450,2454.45,2405,2426,2419.85,2425.22,3772771,9.14981E+14,216533,2422529,0.6421
13-04-2021,HDFC,EQ,2419.85,2422.4,2523.1,2412.25,2522,2512.95,2468.59,3832030,9.45973E+14,196531,2452351,0.64
15-04-2021,HDFC,EQ,2512.95,2540,2555,2493,2543.95,2547.15,2527.23,4201633,1.06185E+15,147895,2455847,0.5845
16-04-2021,HDFC,EQ,2547.15,2550,2589.8,2546.85,2569,2574.05,2572.39,3133311,8.06009E+14,126445,1827639,0.5833
19-04-2021,HDFC,EQ,2574.05,2474,2510,2452,2501.05,2492.35,2484.26,3550890,8.82134E+14,150346,1875490,0.5282
20-04-2021,HDFC,EQ,2492.35,2542.15,2544,2406.2,2409,2415.9,2454.68,7365765,1.80806E+15,193822,4822407,0.6547
22-04-2021,HDFC,EQ,2415.9,2400,2485,2373,2478.05,2479.7,2437.46,4514740,1.10045E+15,234101,2618593,0.58
23-04-2021,HDFC,EQ,2479.7,2455.05,2504.15,2437.5,2491,2497.35,2479.65,3143779,7.79546E+14,133007,1514578,0.4818
26-04-2021,HDFC,EQ,2497.35,2500,2534.1,2483.2,2502,2509.8,2508.07,3916088,9.8218E+14,121028,2440395,0.6232
27-04-2021,HDFC,EQ,2509.8,2494.15,2526.8,2486.25,2514,2518.4,2509.18,2040799,5.12073E+14,102250,1040749,0.51
28-04-2021,HDFC,EQ,2518.4,2516.1,2609,2508.3,2575,2577,2574.21,3407461,8.77153E+14,117425,1815110,0.5327
29-04-2021,HDFC,EQ,2577,2590.9,2628,2533,2539.7,2538.85,2569.65,3005468,7.723E+14,132826,1472924,0.4901
30-04-2021,HDFC,EQ,2538.85,2503.1,2525,2411.1,2433.25,2420.1,2445.94,6024595,1.47358E+15,224454,3839105,0.6372
